Timestamp,Lat,Long,Sensor-id,Value,value_count,value_mean,value_min
2020-04-06 00:00:00,0.1879199999999991,-119.96665000000002,mobile-1,43.403,360,29.367452777777736,0.0
2020-04-06 00:30:00,0.1879199999999991,-119.96665000000002,mobile-1,67.587,360,28.589683192166667,7.486999999999997
2020-04-06 01:00:00,0.1879199999999991,-119.96665000000002,mobile-1,1132.6084026862113,360,32.839345657739486,17.77049153
2020-04-06 01:30:00,0.1879199999999991,-119.96665000000002,mobile-1,923.9648901068877,360,32.75949023155526,16.975542373
2020-04-06 02:00:00,0.1879199999999991,-119.96665000000002,mobile-1,42.68827119,360,30.306872458000004,20.31038983
2020-04-06 02:30:00,0.1879199999999991,-119.96665000000002,mobile-1,82.63028814,360,30.806389595388893,19.59444068
2020-04-06 03:00:00,0.1879199999999991,-119.96665000000002,mobile-1,47.394067799999995,360,31.101704802675005,18.061542372999998
2020-04-06 03:30:00,0.1879199999999991,-119.96665000000002,mobile-1,47.10611864,360,31.17803870116666,21.241389830000006
2020-04-06 04:00:00,0.1879199999999991,-119.96665000000002,mobile-1,65.92020339,360,32.56988940714724,19.013542373
2020-04-06 04:30:00,0.1879199999999991,-119.96665000000002,mobile-1,48.18111864,360,32.6559575801389,20.628
2020-04-06 05:00:00,0.1879199999999991,-119.96665000000002,mobile-1,46.889,360,32.439316666666706,19.909000000000002
2020-04-06 05:30:00,0.1879199999999991,-119.96665000000002,mobile-1,50.9,360,32.930033333333334,19.901
2020-04-06 06:00:00,0.1879199999999991,-119.96665000000002,mobile-1,49.908,360,32.89708333333336,20.81
2020-04-06 06:30:00,0.1879199999999991,-119.96665000000002,mobile-1,48.673,360,32.1991611111111,19.698
2020-04-06 07:00:00,0.1879199999999991,-119.96665000000002,mobile-1,47.389,360,32.07767222222225,19.496
2020-04-06 07:30:00,0.1879199999999991,-119.96665000000002,mobile-1,48.305,360,31.93468888888888,19.051
2020-04-06 08:00:00,0.1879199999999991,-119.96665000000002,mobile-1,47.798,360,31.782755555555553,19.913
2020-04-06 08:30:00,0.1879199999999991,-119.96665000000002,mobile-1,44.693999999999996,360,31.479377777777827,20.473
2020-04-06 09:00:00,0.1879199999999991,-119.96665000000002,mobile-1,48.3,360,31.035702777777754,19.129
2020-04-06 09:30:00,0.1879199999999991,-119.96665000000002,mobile-1,45.086999999999996,360,31.251797222222205,18.092
2020-04-06 10:00:00,0.1879199999999991,-119.96665000000002,mobile-1,50.88,360,30.514980555555596,18.897000000000002
2020-04-06 10:30:00,0.1879199999999991,-119.96665000000002,mobile-1,43.398999999999994,360,30.742016666666608,18.542
2020-04-06 11:00:00,0.1879199999999991,-119.96665000000002,mobile-1,48.19,360,29.905605555555585,17.241
2020-04-06 11:30:00,0.1879199999999991,-119.96665000000002,mobile-1,46.062,360,29.632375000000007,17.994
2020-04-06 12:00:00,0.18758241975308576,-119.96064101234583,mobile-1,43.898,243,30.00541975308643,17.863
2020-04-06 12:30:00,,,mobile-1,,0,,
2020-04-06 13:00:00,,,mobile-1,,0,,
2020-04-06 13:30:00,,,mobile-1,,0,,
2020-04-06 14:00:00,,,mobile-1,,0,,
2020-04-06 14:30:00,,,mobile-1,,0,,
2020-04-06 15:00:00,,,mobile-1,,0,,
2020-04-06 15:30:00,,,mobile-1,,0,,
2020-04-06 16:00:00,,,mobile-1,,0,,
2020-04-06 16:30:00,,,mobile-1,,0,,
2020-04-06 17:00:00,0.1606780000000001,-119.94954024074077,mobile-1,40.792,108,28.484324074074102,19.79
2020-04-06 17:30:00,0.18509696111111107,-119.96512746388917,mobile-1,50.8,360,28.600783333333393,14.800999999999998
2020-04-06 18:00:00,0.187897,-119.96655900000036,mobile-1,43.59,360,28.171697222222196,15.702000000000002
2020-04-06 18:30:00,0.187897,-119.96655900000036,mobile-1,45.599,360,28.105772222222434,13.6
2020-04-06 19:00:00,0.187897,-119.96655900000036,mobile-1,45.6,360,27.99426666666664,16.6
2020-04-06 19:30:00,0.187897,-119.96655900000036,mobile-1,45.449,360,28.623919444444407,15.501
2020-04-06 20:00:00,0.187897,-119.96655900000036,mobile-1,45.4,360,28.058408333333123,16.402
2020-04-06 20:30:00,0.187897,-119.96655900000036,mobile-1,43.294,360,28.06849166666667,15.4
2020-04-06 21:00:00,0.187897,-119.96655900000036,mobile-1,40.272,360,28.01173055555556,16.297
2020-04-06 21:30:00,0.187897,-119.96655900000036,mobile-1,46.2,360,27.791622222222255,13.2
2020-04-06 22:00:00,0.187897,-119.96655900000036,mobile-1,44.2,360,27.975000000000026,16.2
2020-04-06 22:30:00,0.187897,-119.96655900000036,mobile-1,49.202,360,27.91002777777768,18.199
2020-04-06 23:00:00,0.187897,-119.96655900000036,mobile-1,43.306000000000004,360,27.758638888888854,14.297
2020-04-06 23:30:00,0.187897,-119.96655900000036,mobile-1,931.1110849494023,360,30.52713634708167,16.367
2020-04-07 00:00:00,0.187897,-119.96655900000036,mobile-1,44.5,360,28.23601111111108,17.393
2020-04-07 00:30:00,0.187897,-119.96655900000036,mobile-1,41.668,360,28.821122222222215,15.611999999999998
2020-04-07 01:00:00,0.187897,-119.96655900000036,mobile-1,43.981,360,28.79284166666668,17.750999999999998
2020-04-07 01:30:00,0.187897,-119.96655900000036,mobile-1,46.435,360,29.159188888888906,18.199
2020-04-07 02:00:00,0.187897,-119.96655900000036,mobile-1,430.9431253134685,360,30.10388645920407,17.598
2020-04-07 02:30:00,0.187897,-119.96655900000036,mobile-1,46.898,360,29.151922222222254,16.905
2020-04-07 03:00:00,0.187897,-119.96655900000036,mobile-1,45.101000000000006,360,29.79316944444446,16.914
2020-04-07 03:30:00,0.187897,-119.96655900000036,mobile-1,43.163000000000004,360,30.012363888888913,17.236
2020-04-07 04:00:00,0.187897,-119.96655900000036,mobile-1,45.4,360,29.95289722222206,18.4
2020-04-07 04:30:00,0.187897,-119.96655900000036,mobile-1,46.392,360,30.169155555555584,19.497
2020-04-07 05:00:00,0.187897,-119.96655900000036,mobile-1,47.512,360,30.187672222222243,18.497
2020-04-07 05:30:00,0.187897,-119.96655900000036,mobile-1,44.601000000000006,360,30.104094444444534,18.502
2020-04-07 06:00:00,0.187897,-119.96655900000036,mobile-1,48.545,360,30.641944444444444,19.6
2020-04-07 06:30:00,0.187897,-119.96655900000036,mobile-1,47.419,360,30.08782222222222,20.49
2020-04-07 07:00:00,0.187897,-119.96655900000036,mobile-1,44.401,360,30.465911111111055,19.398
2020-04-07 07:30:00,0.18765279447852712,-119.96210803681006,mobile-1,45.29600000000001,326,30.173300613496902,18.191
2020-04-07 08:00:00,,,mobile-1,,0,,
2020-04-07 08:30:00,,,mobile-1,,0,,
2020-04-07 09:00:00,,,mobile-1,,0,,
2020-04-07 09:30:00,,,mobile-1,,0,,
2020-04-07 10:00:00,,,mobile-1,,0,,
2020-04-07 10:30:00,,,mobile-1,,0,,
2020-04-07 11:00:00,,,mobile-1,,0,,
2020-04-07 11:30:00,,,mobile-1,,0,,
2020-04-07 12:00:00,,,mobile-1,,0,,
2020-04-07 12:30:00,,,mobile-1,,0,,
2020-04-07 13:00:00,,,mobile-1,,0,,
2020-04-07 13:30:00,,,mobile-1,,0,,
2020-04-07 14:00:00,,,mobile-1,,0,,
2020-04-07 14:30:00,,,mobile-1,,0,,
2020-04-07 15:00:00,,,mobile-1,,0,,
2020-04-07 15:30:00,,,mobile-1,,0,,
2020-04-07 16:00:00,,,mobile-1,,0,,
2020-04-07 16:30:00,,,mobile-1,,0,,
2020-04-07 17:00:00,0.1596818791208792,-119.94829231868134,mobile-1,36.916,91,25.61091208791208,16.945
2020-04-07 17:30:00,0.18404054444444376,-119.96460303888858,mobile-1,37.908,360,25.508169444444448,14.637999999999998
2020-04-07 18:00:00,0.18786099999999933,-119.96650699999961,mobile-1,40.539,360,25.623575000000017,12.472
2020-04-07 18:30:00,0.18786099999999933,-119.96650699999961,mobile-1,39.2,360,24.774011111111147,12.163
2020-04-07 19:00:00,0.18786099999999933,-119.96650699999961,mobile-1,42.891000000000005,360,24.293144444444426,11.89
2020-04-07 19:30:00,0.18786099999999933,-119.96650699999961,mobile-1,40.806999999999995,360,24.03126666666668,11.665999999999999
2020-04-07 20:00:00,0.18786099999999933,-119.96650699999961,mobile-1,38.485,360,24.133452777777766,12.423000000000002
2020-04-07 20:30:00,0.18786099999999933,-119.96650699999961,mobile-1,42.267,360,24.068880555555573,9.207
2020-04-07 21:00:00,0.18786099999999933,-119.96650699999961,mobile-1,37.0,360,23.788375000000006,11.000999999999998
2020-04-07 21:30:00,0.18786099999999933,-119.96650699999961,mobile-1,37.892,360,23.31925833333327,11.89
2020-04-07 22:00:00,0.18786099999999933,-119.96650699999961,mobile-1,41.105,360,23.434958333333316,10.923000000000002
2020-04-07 22:30:00,0.18786099999999933,-119.96650699999961,mobile-1,37.402,360,24.25539722222222,11.204
2020-04-07 23:00:00,0.18786099999999933,-119.96650699999961,mobile-1,38.636,360,24.46086666666668,9.982000000000001
2020-04-07 23:30:00,0.18786099999999933,-119.96650699999961,mobile-1,40.123000000000005,360,25.154741666666663,14.133
2020-04-08 00:00:00,0.18786099999999933,-119.96650699999961,mobile-1,43.867,360,25.459830555555552,13.890999999999998
2020-04-08 00:30:00,0.18786099999999933,-119.96650699999961,mobile-1,40.103,360,25.50269166666667,15.097
2020-04-08 01:00:00,0.18786099999999933,-119.96650699999961,mobile-1,40.403,360,25.81998055555559,13.198
2020-04-08 01:30:00,0.18786099999999933,-119.96650699999961,mobile-1,40.662,360,26.957733333333334,14.622999999999998
2020-04-08 02:00:00,0.18786099999999933,-119.96650699999961,mobile-1,43.178999999999995,360,27.52098611111112,16.147000000000002
2020-04-08 02:30:00,0.18786099999999933,-119.96650699999961,mobile-1,41.011,360,27.95695000000004,15.857000000000001
2020-04-08 03:00:00,0.18786099999999933,-119.96650699999961,mobile-1,42.398999999999994,360,28.412433333333336,16.785
2020-04-08 03:30:00,0.18786099999999933,-119.96650699999961,mobile-1,42.935,360,28.858969444444412,15.198
2020-04-08 04:00:00,0.18786099999999933,-119.96650699999961,mobile-1,44.786,360,29.356733333333317,15.616
2020-04-08 04:30:00,0.18786099999999933,-119.96650699999961,mobile-1,44.398999999999994,360,30.26632222222223,18.285
2020-04-08 05:00:00,0.18786099999999933,-119.96650699999961,mobile-1,42.988,360,30.14722222222222,19.534000000000002
2020-04-08 05:30:00,0.18786099999999933,-119.96650699999961,mobile-1,47.191,360,31.51716944444444,19.809
2020-04-08 06:00:00,0.18786099999999933,-119.96650699999961,mobile-1,46.437,360,33.0663111111111,16.441
2020-04-08 06:30:00,0.18786099999999933,-119.96650699999961,mobile-1,46.88200000000001,360,33.47330555555554,21.944000000000003
2020-04-08 07:00:00,0.18786099999999933,-119.96650699999961,mobile-1,50.192,360,34.16771666666666,21.48
2020-04-08 07:30:00,0.1878695611111109,-119.96543369722221,mobile-1,49.895,360,34.58716111111111,21.926
2020-04-08 08:00:00,0.18631239215686282,-119.94574650980394,mobile-1,41.999,51,34.92098039215687,26.0
2020-04-08 08:30:00,,,mobile-1,,0,,
2020-04-08 09:00:00,,,mobile-1,,0,,
2020-04-08 09:30:00,,,mobile-1,,0,,
2020-04-08 10:00:00,,,mobile-1,,0,,
2020-04-08 10:30:00,,,mobile-1,,0,,
2020-04-08 11:00:00,,,mobile-1,,0,,
2020-04-08 11:30:00,,,mobile-1,,0,,
2020-04-08 12:00:00,,,mobile-1,,0,,
2020-04-08 12:30:00,,,mobile-1,,0,,
2020-04-08 13:00:00,,,mobile-1,,0,,
2020-04-08 13:30:00,,,mobile-1,,0,,
2020-04-08 14:00:00,,,mobile-1,,0,,
2020-04-08 14:30:00,,,mobile-1,,0,,
2020-04-08 15:00:00,,,mobile-1,,0,,
2020-04-08 15:30:00,,,mobile-1,,0,,
2020-04-08 16:00:00,,,mobile-1,,0,,
2020-04-08 16:30:00,0.1633342206896552,-119.95195403448271,mobile-1,36.372,145,36.372000000000014,36.372
2020-04-08 17:00:00,0.18435815555555463,-119.96016203888972,mobile-1,36.372,360,36.371999999999844,36.372
2020-04-08 17:30:00,0.1845289999999991,-119.95914700000074,mobile-1,36.372,360,36.371999999999844,36.372
2020-04-08 18:00:00,0.18533638333333294,-119.96064194166658,mobile-1,36.372,360,36.371999999999844,36.372
2020-04-08 18:30:00,0.187913000000001,-119.96650599999965,mobile-1,36.372,360,36.371999999999844,36.372
2020-04-08 19:00:00,0.187913000000001,-119.96650599999965,mobile-1,36.372,360,36.371999999999844,36.372
2020-04-08 19:30:00,0.187913000000001,-119.96650599999965,mobile-1,36.372,360,36.371999999999844,36.372
2020-04-08 20:00:00,0.187913000000001,-119.96650599999965,mobile-1,36.372,360,36.371999999999844,36.372
2020-04-08 20:30:00,0.187913000000001,-119.96650599999965,mobile-1,36.372,360,36.371999999999844,36.372
2020-04-08 21:00:00,0.187913000000001,-119.96650599999965,mobile-1,36.372,360,36.371999999999844,36.372
2020-04-08 21:30:00,0.187913000000001,-119.96650599999965,mobile-1,36.372,360,36.371999999999844,36.372
2020-04-08 22:00:00,0.187913000000001,-119.96650599999965,mobile-1,36.372,360,36.371999999999844,36.372
2020-04-08 22:30:00,0.187913000000001,-119.96650599999965,mobile-1,36.372,360,36.371999999999844,36.372
2020-04-08 23:00:00,0.187913000000001,-119.96650599999965,mobile-1,36.372,360,36.371999999999844,36.372
2020-04-08 23:30:00,0.187913000000001,-119.96650599999965,mobile-1,36.372,360,36.371999999999844,36.372
2020-04-09 00:00:00,0.187913000000001,-119.96650599999965,mobile-1,36.372,360,36.371999999999844,36.372
2020-04-09 00:30:00,0.187913000000001,-119.96650599999965,mobile-1,36.372,360,36.371999999999844,36.372
2020-04-09 01:00:00,0.187913000000001,-119.96650599999965,mobile-1,36.372,360,36.371999999999844,36.372
2020-04-09 01:30:00,0.187913000000001,-119.96650599999965,mobile-1,36.372,360,36.371999999999844,36.372
2020-04-09 02:00:00,0.187913000000001,-119.96650599999965,mobile-1,36.372,360,36.371999999999844,36.372
2020-04-09 02:30:00,0.187913000000001,-119.96650599999965,mobile-1,36.372,360,36.371999999999844,36.372
2020-04-09 03:00:00,0.187913000000001,-119.96650599999965,mobile-1,36.372,360,36.371999999999844,36.372
2020-04-09 03:30:00,0.187913000000001,-119.96650599999965,mobile-1,36.372,360,36.371999999999844,36.372
2020-04-09 04:00:00,0.187913000000001,-119.96650599999965,mobile-1,36.372,360,36.371999999999844,36.372
2020-04-09 04:30:00,0.187913000000001,-119.96650599999965,mobile-1,36.372,360,36.371999999999844,36.372
2020-04-09 05:00:00,0.187913000000001,-119.96650599999965,mobile-1,36.372,360,36.371999999999844,36.372
2020-04-09 05:30:00,0.187913000000001,-119.96650599999965,mobile-1,36.372,360,36.371999999999844,36.372
2020-04-09 06:00:00,0.187913000000001,-119.96650599999965,mobile-1,36.372,360,36.371999999999844,36.372
2020-04-09 06:30:00,0.187913000000001,-119.96650599999965,mobile-1,36.372,360,36.371999999999844,36.372
2020-04-09 07:00:00,0.187913000000001,-119.96650599999965,mobile-1,36.372,360,36.371999999999844,36.372
2020-04-09 07:30:00,0.187913000000001,-119.96650599999965,mobile-1,36.372,360,36.371999999999844,36.372
2020-04-09 08:00:00,0.187913000000001,-119.96650599999965,mobile-1,36.372,360,36.371999999999844,36.372
2020-04-09 08:30:00,0.187913000000001,-119.96650599999965,mobile-1,36.372,360,36.371999999999844,36.372
2020-04-09 09:00:00,0.187913000000001,-119.96650599999965,mobile-1,36.372,360,36.371999999999844,36.372
2020-04-09 09:30:00,0.187913000000001,-119.96650599999965,mobile-1,36.372,360,36.371999999999844,36.372
2020-04-09 10:00:00,0.187913000000001,-119.96650599999965,mobile-1,36.372,360,36.371999999999844,36.372
2020-04-09 10:30:00,0.187913000000001,-119.96650599999965,mobile-1,36.372,360,36.371999999999844,36.372
2020-04-09 11:00:00,0.187913000000001,-119.96650599999965,mobile-1,36.372,360,36.371999999999844,36.372
2020-04-09 11:30:00,0.187913000000001,-119.96650599999965,mobile-1,36.372,360,36.371999999999844,36.372
2020-04-09 12:00:00,0.187913000000001,-119.96650599999965,mobile-1,36.372,360,36.371999999999844,36.372
2020-04-09 12:30:00,0.187913000000001,-119.96650599999965,mobile-1,36.372,360,36.371999999999844,36.372
2020-04-09 13:00:00,0.187913000000001,-119.96650599999965,mobile-1,36.372,360,36.371999999999844,36.372
2020-04-09 13:30:00,0.187913000000001,-119.96650599999965,mobile-1,36.372,360,36.371999999999844,36.372
2020-04-09 14:00:00,0.187913000000001,-119.96650599999965,mobile-1,36.372,360,36.371999999999844,36.372
2020-04-09 14:30:00,0.187913000000001,-119.96650599999965,mobile-1,36.372,360,36.371999999999844,36.372
2020-04-09 15:00:00,0.187913000000001,-119.96650599999965,mobile-1,36.372,360,36.371999999999844,36.372
2020-04-09 15:30:00,0.187913000000001,-119.96650599999965,mobile-1,36.372,360,36.371999999999844,36.372
2020-04-09 16:00:00,0.187913000000001,-119.96650599999965,mobile-1,36.372,360,36.371999999999844,36.372
2020-04-09 16:30:00,0.187913000000001,-119.96650599999965,mobile-1,36.372,360,36.371999999999844,36.372
2020-04-09 17:00:00,0.187913000000001,-119.96650599999965,mobile-1,36.372,360,36.371999999999844,36.372
2020-04-09 17:30:00,0.187913000000001,-119.96650599999965,mobile-1,36.372,360,36.371999999999844,36.372
2020-04-09 18:00:00,0.187913000000001,-119.96650599999965,mobile-1,36.372,360,36.371999999999844,36.372
2020-04-09 18:30:00,0.187913000000001,-119.96650599999965,mobile-1,36.372,360,36.371999999999844,36.372
2020-04-09 19:00:00,0.187913000000001,-119.96650599999965,mobile-1,36.372,360,36.371999999999844,36.372
2020-04-09 19:30:00,0.187913000000001,-119.96650599999965,mobile-1,36.372,360,36.371999999999844,36.372
2020-04-09 20:00:00,0.187913000000001,-119.96650599999965,mobile-1,36.372,360,36.371999999999844,36.372
2020-04-09 20:30:00,0.187913000000001,-119.96650599999965,mobile-1,36.372,360,36.371999999999844,36.372
2020-04-09 21:00:00,0.187913000000001,-119.96650599999965,mobile-1,36.372,360,36.371999999999844,36.372
2020-04-09 21:30:00,0.187913000000001,-119.96650599999965,mobile-1,36.372,360,36.371999999999844,36.372
2020-04-09 22:00:00,0.187913000000001,-119.96650599999965,mobile-1,36.372,360,36.371999999999844,36.372
2020-04-09 22:30:00,0.187913000000001,-119.96650599999965,mobile-1,36.372,360,36.371999999999844,36.372
2020-04-09 23:00:00,0.187913000000001,-119.96650599999965,mobile-1,36.372,360,36.371999999999844,36.372
2020-04-09 23:30:00,0.187913000000001,-119.96650599999965,mobile-1,36.372,360,36.371999999999844,36.372
2020-04-10 00:00:00,0.187913000000001,-119.96650599999965,mobile-1,36.372,360,36.371999999999844,36.372
2020-04-10 00:30:00,0.187913000000001,-119.96650599999965,mobile-1,36.372,360,36.371999999999844,36.372
2020-04-10 01:00:00,0.187913000000001,-119.96650599999965,mobile-1,36.372,360,36.371999999999844,36.372
2020-04-10 01:30:00,0.187913000000001,-119.96650599999965,mobile-1,36.372,360,36.371999999999844,36.372
2020-04-10 02:00:00,0.187913000000001,-119.96650599999965,mobile-1,36.372,360,36.371999999999844,36.372
2020-04-10 02:30:00,0.187913000000001,-119.96650599999965,mobile-1,36.372,360,36.371999999999844,36.372
2020-04-10 03:00:00,0.187913000000001,-119.96650599999965,mobile-1,36.372,360,36.371999999999844,36.372
2020-04-10 03:30:00,0.187913000000001,-119.96650599999965,mobile-1,36.372,360,36.371999999999844,36.372
2020-04-10 04:00:00,0.187913000000001,-119.96650599999965,mobile-1,36.372,360,36.371999999999844,36.372
2020-04-10 04:30:00,0.187913000000001,-119.96650599999965,mobile-1,36.372,360,36.371999999999844,36.372
2020-04-10 05:00:00,0.187913000000001,-119.96650599999965,mobile-1,36.372,360,36.371999999999844,36.372
2020-04-10 05:30:00,0.187913000000001,-119.96650599999965,mobile-1,36.372,360,36.371999999999844,36.372
2020-04-10 06:00:00,0.187913000000001,-119.96650599999965,mobile-1,36.372,360,36.371999999999844,36.372
2020-04-10 06:30:00,0.187913000000001,-119.96650599999965,mobile-1,36.372,360,36.371999999999844,36.372
2020-04-10 07:00:00,0.187913000000001,-119.96650599999965,mobile-1,36.372,360,36.371999999999844,36.372
2020-04-10 07:30:00,0.187913000000001,-119.96650599999965,mobile-1,36.372,360,36.371999999999844,36.372
2020-04-10 08:00:00,0.187913000000001,-119.96650599999965,mobile-1,36.372,360,36.371999999999844,36.372
2020-04-10 08:30:00,0.187913000000001,-119.96650599999965,mobile-1,36.372,360,36.371999999999844,36.372
2020-04-10 09:00:00,0.187913000000001,-119.96650599999965,mobile-1,36.372,360,36.371999999999844,36.372
2020-04-10 09:30:00,0.187913000000001,-119.96650599999965,mobile-1,36.372,360,36.371999999999844,36.372
2020-04-10 10:00:00,0.187913000000001,-119.96650599999965,mobile-1,36.372,360,36.371999999999844,36.372
2020-04-10 10:30:00,0.187913000000001,-119.96650599999965,mobile-1,36.372,360,36.371999999999844,36.372
2020-04-10 11:00:00,0.187913000000001,-119.96650599999965,mobile-1,36.372,360,36.371999999999844,36.372
2020-04-10 11:30:00,0.187913000000001,-119.96650599999965,mobile-1,36.372,360,36.371999999999844,36.372
2020-04-10 12:00:00,0.187913000000001,-119.96650599999965,mobile-1,36.372,360,36.371999999999844,36.372
2020-04-10 12:30:00,0.187913000000001,-119.96650599999965,mobile-1,36.372,360,36.371999999999844,36.372
2020-04-10 13:00:00,0.187913000000001,-119.96650599999965,mobile-1,36.372,360,36.371999999999844,36.372
2020-04-10 13:30:00,0.187913000000001,-119.96650599999965,mobile-1,36.372,360,36.371999999999844,36.372
2020-04-10 14:00:00,0.187913000000001,-119.96650599999965,mobile-1,36.372,360,36.371999999999844,36.372
2020-04-10 14:30:00,0.187913000000001,-119.96650599999965,mobile-1,36.372,360,36.371999999999844,36.372
2020-04-10 15:00:00,0.187913000000001,-119.96650599999965,mobile-1,36.372,360,36.371999999999844,36.372
2020-04-10 15:30:00,0.187913000000001,-119.96650599999965,mobile-1,36.372,360,36.371999999999844,36.372
2020-04-10 16:00:00,0.187913000000001,-119.96650599999965,mobile-1,36.372,360,36.371999999999844,36.372
2020-04-10 16:30:00,0.187913000000001,-119.96650599999965,mobile-1,36.372,360,36.371999999999844,36.372
2020-04-10 17:00:00,0.187913000000001,-119.96650599999965,mobile-1,36.372,360,36.371999999999844,36.372
2020-04-10 17:30:00,0.187913000000001,-119.96650599999965,mobile-1,36.372,360,36.371999999999844,36.372
2020-04-10 18:00:00,0.187913000000001,-119.96650599999965,mobile-1,36.372,360,36.371999999999844,36.372
2020-04-10 18:30:00,0.187913000000001,-119.96650599999965,mobile-1,36.372,360,36.371999999999844,36.372
2020-04-10 19:00:00,0.187913000000001,-119.96650599999965,mobile-1,36.372,360,36.371999999999844,36.372
2020-04-10 19:30:00,0.187913000000001,-119.96650599999965,mobile-1,36.372,360,36.371999999999844,36.372
2020-04-10 20:00:00,0.187913000000001,-119.96650599999965,mobile-1,36.372,360,36.371999999999844,36.372
2020-04-10 20:30:00,0.187913000000001,-119.96650599999965,mobile-1,36.372,360,36.371999999999844,36.372
2020-04-10 21:00:00,0.187913000000001,-119.96650599999965,mobile-1,36.372,360,36.371999999999844,36.372
2020-04-10 21:30:00,0.187913000000001,-119.96650599999965,mobile-1,36.372,360,36.371999999999844,36.372
2020-04-10 22:00:00,0.187913000000001,-119.96650599999965,mobile-1,36.372,360,36.371999999999844,36.372
2020-04-10 22:30:00,0.187913000000001,-119.96650599999965,mobile-1,36.372,360,36.371999999999844,36.372
2020-04-10 23:00:00,0.187913000000001,-119.96650599999965,mobile-1,36.372,360,36.371999999999844,36.372
2020-04-10 23:30:00,0.18791300000000102,-119.96650599999967,mobile-1,36.372,358,36.371999999999844,36.372
2020-04-06 00:00:00,0.1739999999999996,-119.96722999999994,mobile-2,36.08435,360,21.860047222222224,0.0
2020-04-06 00:30:00,0.1739999999999996,-119.96722999999994,mobile-2,37.16975,360,21.82493611111111,12.1806
2020-04-06 01:00:00,0.1739999999999996,-119.96722999999994,mobile-2,39.37205,360,22.103713888888887,10.322000000000001
2020-04-06 01:30:00,0.1739999999999996,-119.96722999999994,mobile-2,36.44275,360,21.78804722222222,9.49175
2020-04-06 02:00:00,0.1739999999999996,-119.96722999999994,mobile-2,38.53445,360,21.716825000000004,10.5411
2020-04-06 02:30:00,0.1739999999999996,-119.96722999999994,mobile-2,38.63665,360,22.109491666666663,9.74375
2020-04-06 03:00:00,0.1739999999999996,-119.96722999999994,mobile-2,39.8806,360,21.94660277777778,8.7973
2020-04-06 03:30:00,0.1739999999999996,-119.96722999999994,mobile-2,38.98,360,22.30038055555556,8.88935
2020-04-06 04:00:00,0.1739999999999996,-119.96722999999994,mobile-2,38.02445,360,22.53471388888889,13.0157
2020-04-06 04:30:00,0.1739999999999996,-119.96722999999994,mobile-2,34.2586,360,21.991269444444445,10.24775
2020-04-06 05:00:00,0.1739999999999996,-119.96722999999994,mobile-2,40.2992,360,22.595047222222224,12.2922
2020-04-06 05:30:00,0.1739999999999996,-119.96722999999994,mobile-2,42.4,360,22.68771388888889,10.4133
2020-04-06 06:00:00,0.1739999999999996,-119.96722999999994,mobile-2,38.61875,360,23.305380555555562,11.52635
2020-04-06 06:30:00,0.1739999999999996,-119.96722999999994,mobile-2,38.7157,360,23.51193611111112,10.65655
2020-04-06 07:00:00,0.1739999999999996,-119.96722999999994,mobile-2,39.855,360,22.890713888888886,10.806
2020-04-06 07:30:00,0.1686818704318931,-119.95947155813958,mobile-2,44.91625,301,23.327882059800668,11.9488
2020-04-06 08:00:00,,,mobile-2,,0,,
2020-04-06 08:30:00,,,mobile-2,,0,,
2020-04-06 09:00:00,,,mobile-2,,0,,
2020-04-06 09:30:00,,,mobile-2,,0,,
2020-04-06 10:00:00,,,mobile-2,,0,,
2020-04-06 10:30:00,,,mobile-2,,0,,
2020-04-06 11:00:00,,,mobile-2,,0,,
2020-04-06 11:30:00,,,mobile-2,,0,,
2020-04-06 12:00:00,,,mobile-2,,0,,
2020-04-06 12:30:00,,,mobile-2,,0,,
2020-04-06 13:00:00,,,mobile-2,,0,,
2020-04-06 13:30:00,,,mobile-2,,0,,
2020-04-06 14:00:00,,,mobile-2,,0,,
2020-04-06 14:30:00,,,mobile-2,,0,,
2020-04-06 15:00:00,,,mobile-2,,0,,
2020-04-06 15:30:00,,,mobile-2,,0,,
2020-04-06 16:00:00,,,mobile-2,,0,,
2020-04-06 16:30:00,,,mobile-2,,0,,
2020-04-06 17:00:00,0.1641180045045044,-119.96118779279286,mobile-2,43.3939,222,25.456560585585592,15.36205
2020-04-06 17:30:00,0.16281329444444448,-119.95982806666721,mobile-2,43.46565,360,25.447825,14.43695
2020-04-06 18:00:00,0.152946,-119.95218700000035,mobile-2,39.6585,360,25.737713888888884,11.5843
2020-04-06 18:30:00,0.152946,-119.95218700000035,mobile-2,41.76385,360,26.069269444444444,13.7194
2020-04-06 19:00:00,0.152946,-119.95218700000035,mobile-2,41.8328,360,25.845269444444448,13.85765
2020-04-06 19:30:00,0.152946,-119.95218700000035,mobile-2,41.9763,360,26.63515833333333,15.9217
2020-04-06 20:00:00,0.15829115277777753,-119.95632922777739,mobile-2,41.16075,360,27.080602777777777,14.14115
2020-04-06 20:30:00,0.17388799999999943,-119.96719499999969,mobile-2,39.27905,360,26.814936111111113,12.19995
2020-04-06 21:00:00,0.17388799999999943,-119.96719499999969,mobile-2,1673.3669,360,31.62704722222222,14.2941
2020-04-06 21:30:00,0.17388799999999943,-119.96719499999969,mobile-2,45.4474,360,26.828047222222217,15.43305
2020-04-06 22:00:00,0.17388799999999943,-119.96719499999969,mobile-2,770.9287666776913,360,28.796629074104697,13.58005
2020-04-06 22:30:00,0.17388799999999943,-119.96719499999969,mobile-2,40.72425,360,27.063380555555554,15.69835
2020-04-06 23:00:00,0.17388799999999943,-119.96719499999969,mobile-2,41.87475,360,27.258824999999998,12.8296
2020-04-06 23:30:00,0.17388799999999943,-119.96719499999969,mobile-2,43.9682,360,27.320936111111113,14.98395
2020-04-07 00:00:00,0.17388799999999943,-119.96719499999969,mobile-2,41.11065,360,27.538602777777776,14.0508
2020-04-07 00:30:00,0.17388799999999943,-119.96719499999969,mobile-2,40.23875,360,27.495158333333332,16.2405
2020-04-07 01:00:00,0.17388799999999943,-119.96719499999969,mobile-2,45.3609,360,27.829491666666662,15.3161
2020-04-07 01:30:00,0.17388799999999943,-119.96719499999969,mobile-2,40.5128,360,28.038825000000003,17.428449999999998
2020-04-07 02:00:00,0.17388799999999943,-119.96719499999969,mobile-2,43.6395,360,27.817602777777775,15.57545
2020-04-07 02:30:00,0.17388799999999943,-119.96719499999969,mobile-2,45.73575,360,27.857491666666668,16.71265
2020-04-07 03:00:00,0.17388799999999943,-119.96719499999969,mobile-2,41.83725,360,28.022380555555554,14.90445
2020-04-07 03:30:00,0.17388799999999943,-119.96719499999969,mobile-2,43.95275,360,28.259491666666666,15.0112
2020-04-07 04:00:00,0.17388799999999943,-119.96719499999969,mobile-2,43.13615,360,27.885491666666667,17.16135
2020-04-07 04:30:00,0.17388799999999943,-119.96719499999969,mobile-2,42.22645,360,28.514269444444444,16.2597
2020-04-07 05:00:00,0.17388799999999943,-119.96719499999969,mobile-2,1003.361778767751,360,30.843189802132652,17.39515
2020-04-07 05:30:00,0.17388799999999943,-119.96719499999969,mobile-2,40.53235,360,28.49404722222222,17.4578
2020-04-07 06:00:00,0.17388799999999943,-119.96719499999969,mobile-2,43.6405,360,28.86449166666667,17.63385
2020-04-07 06:30:00,0.17388799999999943,-119.96719499999969,mobile-2,42.72905,360,28.68215833333333,18.70105
2020-04-07 07:00:00,0.16949249722222223,-119.9607241111111,mobile-2,49.8638,360,28.749825,16.8204
2020-04-07 07:30:00,,,mobile-2,,0,,
2020-04-07 08:00:00,,,mobile-2,,0,,
2020-04-07 08:30:00,,,mobile-2,,0,,
2020-04-07 09:00:00,,,mobile-2,,0,,
2020-04-07 09:30:00,,,mobile-2,,0,,
2020-04-07 10:00:00,,,mobile-2,,0,,
2020-04-07 10:30:00,,,mobile-2,,0,,
2020-04-07 11:00:00,,,mobile-2,,0,,
2020-04-07 11:30:00,,,mobile-2,,0,,
2020-04-07 12:00:00,,,mobile-2,,0,,
2020-04-07 12:30:00,,,mobile-2,,0,,
2020-04-07 13:00:00,,,mobile-2,,0,,
2020-04-07 13:30:00,,,mobile-2,,0,,
2020-04-07 14:00:00,,,mobile-2,,0,,
2020-04-07 14:30:00,,,mobile-2,,0,,
2020-04-07 15:00:00,,,mobile-2,,0,,
2020-04-07 15:30:00,,,mobile-2,,0,,
2020-04-07 16:00:00,,,mobile-2,,0,,
2020-04-07 16:30:00,,,mobile-2,,0,,
2020-04-07 17:00:00,0.1657077320754723,-119.96216541886811,mobile-2,45.38135,265,31.947299056603775,19.38695
2020-04-07 17:30:00,0.17389500000000124,-119.96719399999971,mobile-2,47.4622,360,32.17915833333334,20.46115
2020-04-07 18:00:00,0.17389500000000124,-119.96719399999971,mobile-2,45.7037,360,32.27182500000001,20.68725
2020-04-07 18:30:00,0.17389500000000124,-119.96719399999971,mobile-2,46.7982,360,32.51171388888889,20.74325
2020-04-07 19:00:00,0.17389500000000124,-119.96719399999971,mobile-2,50.9564,360,32.682158333333334,21.92175
2020-04-07 19:30:00,0.17389500000000124,-119.96719399999971,mobile-2,46.03655,360,32.352602777777776,20.03025
2020-04-07 20:00:00,0.17389500000000124,-119.96719399999971,mobile-2,50.1097,360,32.456380555555555,22.13245
2020-04-07 20:30:00,0.17389500000000124,-119.96719399999971,mobile-2,49.26055,360,32.68793611111111,21.27175
2020-04-07 21:00:00,0.17389500000000124,-119.96719399999971,mobile-2,49.4345,360,32.96115833333333,20.3449
2020-04-07 21:30:00,0.17389500000000124,-119.96719399999971,mobile-2,45.52795,360,32.99271388888889,22.5122
2020-04-07 22:00:00,0.17389500000000124,-119.96719399999971,mobile-2,48.69735,360,33.27704722222222,20.65535
2020-04-07 22:30:00,0.17389500000000124,-119.96719399999971,mobile-2,46.77505,360,33.32526944444445,20.77995
2020-04-07 23:00:00,0.17389500000000124,-119.96719399999971,mobile-2,1005.8784743365796,360,36.020572428712725,21.87235
2020-04-07 23:30:00,0.17389500000000124,-119.96719399999971,mobile-2,51.05715,360,33.446713888888894,18.02075
2020-04-08 00:00:00,0.17389500000000124,-119.96719399999971,mobile-2,48.14045,360,33.41160277777778,23.12015
2020-04-08 00:30:00,0.17389500000000124,-119.96719399999971,mobile-2,46.34065,360,33.72649166666666,20.2661
2020-04-08 01:00:00,0.17389500000000124,-119.96719399999971,mobile-2,50.35045,360,33.96638055555556,21.3935
2020-04-08 01:30:00,0.17389500000000124,-119.96719399999971,mobile-2,49.58845,360,34.050713888888886,22.4922
2020-04-08 02:00:00,0.17389500000000124,-119.96719399999971,mobile-2,49.63675,360,34.26838055555555,23.66125
2020-04-08 02:30:00,0.17389500000000124,-119.96719399999971,mobile-2,52.80265,360,34.14160277777778,21.8513
2020-04-08 03:00:00,0.17389500000000124,-119.96719399999971,mobile-2,48.89715,360,33.642602777777775,21.9297
2020-04-08 03:30:00,0.17389500000000124,-119.96719399999971,mobile-2,51.0004,360,34.690825000000004,23.06515
2020-04-08 04:00:00,0.17389500000000124,-119.96719399999971,mobile-2,49.12115,360,34.247380555555566,22.2195
2020-04-08 04:30:00,0.17389500000000124,-119.96719399999971,mobile-2,47.3371,360,31.951158333333336,18.2489
2020-04-08 05:00:00,0.17389500000000124,-119.96719399999971,mobile-2,49.44035,360,32.75215833333333,20.4589
2020-04-08 05:30:00,0.17389500000000124,-119.96719399999971,mobile-2,50.5044,360,34.58926944444444,21.52155
2020-04-08 06:00:00,0.17389500000000124,-119.96719399999971,mobile-2,49.70775,360,35.362491666666656,21.7207
2020-04-08 06:30:00,0.17389500000000124,-119.96719399999971,mobile-2,50.84285,360,35.05515833333333,23.75675
2020-04-08 07:00:00,0.1667966681614344,-119.95674604932742,mobile-2,49.9314,223,35.046832062780275,22.9027
2020-04-08 07:30:00,,,mobile-2,,0,,
2020-04-08 08:00:00,,,mobile-2,,0,,
2020-04-08 08:30:00,,,mobile-2,,0,,
2020-04-08 09:00:00,,,mobile-2,,0,,
2020-04-08 09:30:00,,,mobile-2,,0,,
2020-04-08 10:00:00,,,mobile-2,,0,,
2020-04-08 10:30:00,0.13309784868421004,-119.96365223355303,mobile-2,51.548058767332726,304,36.67248680155403,24.48785797067046
2020-04-08 11:00:00,0.12353999999999907,-119.96897000000104,mobile-2,692.2801315615521,360,38.354107019266785,25.17722905863112
2020-04-08 11:30:00,0.12353999999999907,-119.96897000000104,mobile-2,53.00736409419942,360,36.60739950229004,22.543655713598195
2020-04-08 12:00:00,0.12353999999999907,-119.96897000000104,mobile-2,51.17524397491891,360,37.01857642620659,25.35893632895537
2020-04-08 12:30:00,0.12353999999999907,-119.96897000000104,mobile-2,56.45699812642742,360,36.92141454993242,22.924253885922514
2020-04-08 13:00:00,0.12353999999999907,-119.96897000000104,mobile-2,51.677367584941436,360,37.34786787895007,25.611477507452324
2020-04-08 13:30:00,0.12353999999999907,-119.96897000000104,mobile-2,51.263415010073054,360,36.66624994530881,21.500332544238358
2020-04-08 14:00:00,0.12353999999999907,-119.96897000000104,mobile-2,56.710907130947504,360,37.10168139180939,24.80456722572561
2020-04-08 14:30:00,0.12353999999999907,-119.96897000000104,mobile-2,50.51386253682294,360,36.936757773997606,24.712885701460785
2020-04-08 15:00:00,0.12353999999999907,-119.96897000000104,mobile-2,503.7518152558827,360,38.290781027431585,25.099019017279787
2020-04-08 15:30:00,0.12353999999999907,-119.96897000000104,mobile-2,52.172652401142386,360,37.5384390166328,24.865592856765733
2020-04-08 16:00:00,0.12353999999999907,-119.96897000000104,mobile-2,55.672278297714406,360,37.59272645199019,24.17832465519903
2020-04-08 16:30:00,0.12353999999999907,-119.96897000000104,mobile-2,52.26505576208975,360,37.91576615994893,25.70249695805992
2020-04-08 17:00:00,0.12353999999999907,-119.96897000000104,mobile-2,55.796428617521656,360,37.96564619307321,24.587244976631172
2020-04-08 17:30:00,0.12353999999999907,-119.96897000000104,mobile-2,52.513424380958675,360,37.16954037976116,21.77270353592029
2020-04-08 18:00:00,0.12353999999999907,-119.96897000000104,mobile-2,58.45947683365803,360,38.23446295668997,24.775750254847388
2020-04-08 18:30:00,0.12353999999999907,-119.96897000000104,mobile-2,57.91698592103389,360,38.199016889621895,25.055378375184034
2020-04-08 19:00:00,0.12353999999999907,-119.96897000000104,mobile-2,57.07723221030128,360,38.2704353048889,26.641764708972477
2020-04-08 19:30:00,0.12353999999999907,-119.96897000000104,mobile-2,54.35112670007746,360,37.86822409250713,25.559648717908157
2020-04-08 20:00:00,0.12353999999999907,-119.96897000000104,mobile-2,55.01283172996835,360,38.900880238623365,28.13267266124323
2020-04-08 20:30:00,0.12353999999999907,-119.96897000000104,mobile-2,582.8509793150675,360,40.373841449153836,25.961128629973334
2020-04-08 21:00:00,0.12353999999999907,-119.96897000000104,mobile-2,55.92924366345596,360,39.317034092986795,24.98903059620417
2020-04-08 21:30:00,0.12826211111111074,-119.96666286666732,mobile-2,54.51649827234831,360,38.58902808879876,26.53682818819653
2020-04-08 22:00:00,0.1714042944444431,-119.9658938222222,mobile-2,57.75479893710337,360,38.64930136088635,21.836150690793467
2020-04-08 22:30:00,0.17390199999999867,-119.9671959999999,mobile-2,57.23234929033948,360,40.105647049274154,26.334286505320048
2020-04-08 23:00:00,0.17390199999999867,-119.9671959999999,mobile-2,555.3727230705787,360,41.018047954697,27.377821755257525
2020-04-08 23:30:00,0.17390199999999867,-119.9671959999999,mobile-2,886.7862357401891,360,41.80915355458364,22.024822866011586
2020-04-09 00:00:00,0.17390199999999867,-119.9671959999999,mobile-2,55.964484993782996,360,39.94114533725982,21.11050789462211
2020-04-09 00:30:00,0.17390199999999867,-119.9671959999999,mobile-2,55.84136733992156,360,39.99184712273477,24.500682849155808
2020-04-09 01:00:00,0.17390199999999867,-119.9671959999999,mobile-2,57.79258429850497,360,40.43749795470486,24.705520511093113
2020-04-09 01:30:00,0.17390199999999867,-119.9671959999999,mobile-2,57.219653993014354,360,39.976226427834135,25.80429860943564
2020-04-09 02:00:00,0.17390199999999867,-119.9671959999999,mobile-2,57.064830746423674,360,40.43736236855151,24.606290976935483
2020-04-09 02:30:00,0.17390199999999867,-119.9671959999999,mobile-2,59.33623600844081,360,40.269986108911176,26.15517645502982
2020-04-09 03:00:00,0.17390199999999867,-119.9671959999999,mobile-2,57.4530855344761,360,40.42390143634192,23.895827129694673
2020-04-09 03:30:00,0.17390199999999867,-119.9671959999999,mobile-2,56.84433743454573,360,40.71050805978832,20.930916800534888
2020-04-09 04:00:00,0.17390199999999867,-119.9671959999999,mobile-2,56.39705573749907,360,40.80618882964024,23.84119193049757
2020-04-09 04:30:00,0.17390199999999867,-119.9671959999999,mobile-2,1160.8229057042915,360,43.96783585011728,26.27922891858439
2020-04-09 05:00:00,0.17390199999999867,-119.9671959999999,mobile-2,59.915530566466494,360,41.02707323626856,26.13803899161244
2020-04-09 05:30:00,0.17390199999999867,-119.9671959999999,mobile-2,57.33194765382584,360,41.226823675471664,21.987056889603114
2020-04-09 06:00:00,0.17390199999999867,-119.9671959999999,mobile-2,59.95337365411945,360,41.29660402171716,22.782992048212968
2020-04-09 06:30:00,0.17390199999999867,-119.9671959999999,mobile-2,65.1002506323873,360,41.533358843530834,26.842084566804534
2020-04-09 07:00:00,0.17390199999999867,-119.9671959999999,mobile-2,1197.7676341002286,360,44.64012343883815,21.656596386057252
2020-04-09 07:30:00,0.17390199999999867,-119.9671959999999,mobile-2,57.054290343443746,360,41.2009513309277,24.28095456421165
2020-04-09 08:00:00,0.17390199999999867,-119.9671959999999,mobile-2,65.79092132284974,360,41.25409783318006,23.724549081838997
2020-04-09 08:30:00,0.16932080563380214,-119.96894853521141,mobile-2,424.9730319217218,355,42.615230486132866,26.71495218916852
2020-04-09 09:00:00,,,mobile-2,,0,,
2020-04-09 09:30:00,,,mobile-2,,0,,
2020-04-09 10:00:00,,,mobile-2,,0,,
2020-04-09 10:30:00,,,mobile-2,,0,,
2020-04-09 11:00:00,,,mobile-2,,0,,
2020-04-09 11:30:00,,,mobile-2,,0,,
2020-04-09 12:00:00,,,mobile-2,,0,,
2020-04-09 12:30:00,,,mobile-2,,0,,
2020-04-09 13:00:00,,,mobile-2,,0,,
2020-04-09 13:30:00,,,mobile-2,,0,,
2020-04-09 14:00:00,,,mobile-2,,0,,
2020-04-09 14:30:00,,,mobile-2,,0,,
2020-04-09 15:00:00,,,mobile-2,,0,,
2020-04-09 15:30:00,,,mobile-2,,0,,
2020-04-09 16:00:00,,,mobile-2,,0,,
2020-04-09 16:30:00,,,mobile-2,,0,,
2020-04-09 17:00:00,,,mobile-2,,0,,
2020-04-09 17:30:00,,,mobile-2,,0,,
2020-04-09 18:00:00,,,mobile-2,,0,,
2020-04-09 18:30:00,,,mobile-2,,0,,
2020-04-09 19:00:00,,,mobile-2,,0,,
2020-04-09 19:30:00,,,mobile-2,,0,,
2020-04-09 20:00:00,0.16414615163934415,-119.96511080737697,mobile-2,66.37321706507635,244,47.12163027368384,29.648657242206262
2020-04-09 20:30:00,0.15740243636363652,-119.94617294545453,mobile-2,63.7797419871414,55,49.065848535580784,32.86759639006936
2020-04-09 21:00:00,0.15177640625,-119.95321135937498,mobile-2,63.45143619000693,64,48.765485847149165,31.792685425162915
2020-04-09 21:30:00,0.17176844166666724,-119.96583893611057,mobile-2,71.61364055954405,360,47.726807200684625,22.09006022130832
2020-04-09 22:00:00,0.1739460000000007,-119.96709199999948,mobile-2,705.0474052914677,360,50.005044516172845,26.66435946465378
2020-04-09 22:30:00,0.1739460000000007,-119.96709199999948,mobile-2,68.55334153310403,360,48.053613660800124,31.00711812635791
2020-04-09 23:00:00,0.1739460000000007,-119.96709199999948,mobile-2,71.05616525153266,360,48.235878519673506,20.935723810468357
2020-04-09 23:30:00,0.1739460000000007,-119.96709199999948,mobile-2,70.37742789227224,360,47.936789476761625,22.43476839197511
2020-04-10 00:00:00,0.1739460000000007,-119.96709199999948,mobile-2,73.05537730938227,360,49.08551086325412,27.85740872957026
2020-04-10 00:30:00,0.1739460000000007,-119.96709199999948,mobile-2,73.09887056313553,360,47.95755609257099,28.55811178401741
2020-04-10 01:00:00,0.1739460000000007,-119.96709199999948,mobile-2,71.45038265728479,360,48.74893533691449,26.941140704732998
2020-04-10 01:30:00,0.1739460000000007,-119.96709199999948,mobile-2,68.43688783134564,360,49.01357198855406,28.166402546403546
2020-04-10 02:00:00,0.1739460000000007,-119.96709199999948,mobile-2,68.39188418756156,360,48.648486833585736,29.35576397038359
2020-04-10 02:30:00,0.1739460000000007,-119.96709199999948,mobile-2,70.60587211149924,360,49.12123207992555,31.591675775112765
2020-04-10 03:00:00,0.1739460000000007,-119.96709199999948,mobile-2,76.16907554140752,360,49.346180676428915,25.025748430391534
2020-04-10 03:30:00,0.1739460000000007,-119.96709199999948,mobile-2,74.24126040275097,360,49.54608574892979,28.067930614164077
2020-04-10 04:00:00,0.1739460000000007,-119.96709199999948,mobile-2,73.1036550305958,360,49.66115175978825,28.173825412701568
2020-04-10 04:30:00,0.1739460000000007,-119.96709199999948,mobile-2,74.5659636346818,360,48.61720983680868,29.780245396053253
2020-04-10 05:00:00,0.1739460000000007,-119.96709199999948,mobile-2,70.70067512680933,360,49.43051303119657,30.057276859937325
2020-04-10 05:30:00,0.1739460000000007,-119.96709199999948,mobile-2,477.00556049404173,360,50.85733977848297,25.83539748846498
2020-04-10 06:00:00,0.1739460000000007,-119.96709199999948,mobile-2,74.68639929331206,360,49.756712802788904,28.244236958932838
2020-04-10 06:30:00,0.1739460000000007,-119.96709199999948,mobile-2,834.5522392347957,360,51.305090918435255,28.66702508980879
2020-04-10 07:00:00,0.1739460000000007,-119.96709199999948,mobile-2,620.1747951451101,360,51.804810106510445,27.61584727814773
2020-04-10 07:30:00,0.17369770277777838,-119.96731937499945,mobile-2,71.31598009990925,360,49.63377758709198,27.98448276175406
2020-04-10 08:00:00,0.15718626086956541,-119.97310606521742,mobile-2,653.543256450137,92,56.87705159996518,32.444115649700045
2020-04-10 08:30:00,,,mobile-2,,0,,
2020-04-10 09:00:00,,,mobile-2,,0,,
2020-04-10 09:30:00,,,mobile-2,,0,,
2020-04-10 10:00:00,,,mobile-2,,0,,
2020-04-10 10:30:00,,,mobile-2,,0,,
2020-04-10 11:00:00,,,mobile-2,,0,,
2020-04-10 11:30:00,,,mobile-2,,0,,
2020-04-10 12:00:00,,,mobile-2,,0,,
2020-04-10 12:30:00,,,mobile-2,,0,,
2020-04-10 13:00:00,,,mobile-2,,0,,
2020-04-10 13:30:00,,,mobile-2,,0,,
2020-04-10 14:00:00,,,mobile-2,,0,,
2020-04-10 14:30:00,,,mobile-2,,0,,
2020-04-10 15:00:00,,,mobile-2,,0,,
2020-04-10 15:30:00,,,mobile-2,,0,,
2020-04-10 16:00:00,,,mobile-2,,0,,
2020-04-10 16:30:00,,,mobile-2,,0,,
2020-04-10 17:00:00,,,mobile-2,,0,,
2020-04-10 17:30:00,,,mobile-2,,0,,
2020-04-10 18:00:00,,,mobile-2,,0,,
2020-04-10 18:30:00,,,mobile-2,,0,,
2020-04-10 19:00:00,0.15385446153846155,-119.9812396923077,mobile-2,72.31309292381744,13,56.47363221908411,43.2649955598113
2020-04-10 19:30:00,0.1713286888888894,-119.96771180833333,mobile-2,77.46263603895892,360,53.613638085627834,29.96896594343949
2020-04-10 20:00:00,0.17406400000000088,-119.96709600000027,mobile-2,632.1157426364838,360,55.287984752753545,30.405381971999503
2020-04-10 20:30:00,0.17406400000000088,-119.96709600000027,mobile-2,782.3895910507296,360,55.788895226899626,31.42138964130627
2020-04-10 21:00:00,0.17406400000000088,-119.96709600000027,mobile-2,593.8122265153144,360,56.31107965573165,31.034272169528574
2020-04-10 21:30:00,0.17406400000000088,-119.96709600000027,mobile-2,75.9349370125127,360,53.52508206569992,34.929635267407285
2020-04-10 22:00:00,0.17406400000000088,-119.96709600000027,mobile-2,77.76776215367583,360,53.94490212906249,34.83193255386711
2020-04-10 22:30:00,0.17406400000000088,-119.96709600000027,mobile-2,78.42741064355755,360,53.44998474480044,32.75267258828379
2020-04-10 23:00:00,0.17406400000000088,-119.96709600000027,mobile-2,89.26684644601721,360,54.485878837839934,31.893030509634237
2020-04-10 23:30:00,0.17406400000000088,-119.96709600000027,mobile-2,78.82087749173701,358,53.37845633047427,31.524715750318407
2020-04-07 07:00:00,0.1565163217391302,-119.94305513043501,mobile-9,17.0,115,11.147826086956522,2.0
2020-04-07 07:30:00,0.15640299999999926,-119.94341800000002,mobile-9,18.0,317,10.274447949526813,4.0
2020-04-07 08:00:00,0.15640299999999915,-119.94341800000016,mobile-9,17.0,337,10.118694362017804,4.0
2020-04-07 08:30:00,0.15640299999999926,-119.94341800000002,mobile-9,16.0,317,10.533123028391167,5.0
2020-04-07 09:00:00,0.15640299999999924,-119.94341800000005,mobile-9,18.0,321,10.950155763239875,4.0
2020-04-07 09:30:00,0.1564029999999993,-119.94341799999998,mobile-9,18.0,313,9.91373801916933,3.0
2020-04-07 10:00:00,0.15640299999999926,-119.94341800000004,mobile-9,20.0,319,10.087774294670846,3.0
2020-04-07 10:30:00,0.1564029999999992,-119.94341800000011,mobile-9,24.0,328,10.390243902439025,4.0
2020-04-07 11:00:00,0.15640299999999924,-119.94341800000005,mobile-9,17.0,321,10.373831775700934,4.0
2020-04-07 11:30:00,0.15640299999999924,-119.94341800000008,mobile-9,18.0,324,10.296296296296296,4.0
2020-04-07 12:00:00,0.15640299999999924,-119.94341800000004,mobile-9,17.0,320,10.95,5.0
2020-04-07 12:30:00,0.15639173846153837,-119.94314146923097,mobile-9,17.0,130,10.292307692307693,4.0
2020-04-06 06:30:00,0.16279345789473718,-119.9581985789477,mobile-38,52.0,190,42.55789473684211,32.0
2020-04-06 07:00:00,0.16843000000000063,-119.9665079999999,mobile-38,51.0,360,42.266666666666666,35.0
2020-04-06 07:30:00,0.16843000000000063,-119.9665079999999,mobile-38,52.0,360,41.15555555555556,33.0
2020-04-06 08:00:00,0.16843000000000063,-119.9665079999999,mobile-38,48.0,360,41.477777777777774,32.0
2020-04-06 08:30:00,0.16843000000000063,-119.9665079999999,mobile-38,51.0,360,41.16111111111111,34.0
2020-04-06 09:00:00,0.16843000000000063,-119.9665079999999,mobile-38,510.53444786804465,360,42.56259568852235,31.0
2020-04-06 09:30:00,0.16843000000000063,-119.9665079999999,mobile-38,50.0,360,41.31388888888889,33.0
2020-04-06 10:00:00,0.16843000000000063,-119.9665079999999,mobile-38,50.0,360,41.5,34.0
2020-04-06 10:30:00,0.16843000000000063,-119.9665079999999,mobile-38,51.0,360,41.72222222222222,34.0
2020-04-06 11:00:00,0.16843000000000063,-119.9665079999999,mobile-38,51.0,360,42.09444444444444,34.0
2020-04-06 11:30:00,0.16843000000000063,-119.9665079999999,mobile-38,51.0,360,41.62777777777778,32.0
2020-04-06 12:00:00,0.16843000000000063,-119.9665079999999,mobile-38,49.0,360,41.202777777777776,33.0
2020-04-06 12:30:00,0.16843000000000063,-119.9665079999999,mobile-38,54.0,360,41.40833333333333,33.0
2020-04-06 13:00:00,0.16843000000000063,-119.9665079999999,mobile-38,49.0,360,41.541666666666664,34.0
2020-04-06 13:30:00,0.16843000000000063,-119.9665079999999,mobile-38,49.0,360,41.275,34.0
2020-04-06 14:00:00,0.16843000000000063,-119.9665079999999,mobile-38,50.0,360,41.13611111111111,33.0
2020-04-06 14:30:00,0.16843000000000063,-119.9665079999999,mobile-38,49.0,360,41.06388888888889,32.0
2020-04-06 15:00:00,0.16843000000000063,-119.9665079999999,mobile-38,52.0,360,41.486111111111114,33.0
2020-04-06 15:30:00,0.16843000000000063,-119.9665079999999,mobile-38,51.0,360,42.69166666666667,35.0
2020-04-06 16:00:00,0.16843000000000063,-119.9665079999999,mobile-38,51.0,360,41.03888888888889,34.0
2020-04-06 16:30:00,0.16580991445427717,-119.96045447787627,mobile-38,49.0,339,41.2212389380531,33.0
2020-04-06 17:00:00,,,mobile-38,,0,,
2020-04-06 17:30:00,,,mobile-38,,0,,
2020-04-06 18:00:00,,,mobile-38,,0,,
2020-04-06 18:30:00,,,mobile-38,,0,,
2020-04-06 19:00:00,,,mobile-38,,0,,
2020-04-06 19:30:00,,,mobile-38,,0,,
2020-04-06 20:00:00,,,mobile-38,,0,,
2020-04-06 20:30:00,,,mobile-38,,0,,
2020-04-06 21:00:00,,,mobile-38,,0,,
2020-04-06 21:30:00,,,mobile-38,,0,,
2020-04-06 22:00:00,,,mobile-38,,0,,
2020-04-06 22:30:00,,,mobile-38,,0,,
2020-04-06 23:00:00,,,mobile-38,,0,,
2020-04-06 23:30:00,,,mobile-38,,0,,
2020-04-07 00:00:00,,,mobile-38,,0,,
2020-04-07 00:30:00,,,mobile-38,,0,,
2020-04-07 01:00:00,,,mobile-38,,0,,
2020-04-07 01:30:00,,,mobile-38,,0,,
2020-04-07 02:00:00,,,mobile-38,,0,,
2020-04-07 02:30:00,,,mobile-38,,0,,
2020-04-07 03:00:00,,,mobile-38,,0,,
2020-04-07 03:30:00,,,mobile-38,,0,,
2020-04-07 04:00:00,,,mobile-38,,0,,
2020-04-07 04:30:00,,,mobile-38,,0,,
2020-04-07 05:00:00,,,mobile-38,,0,,
2020-04-07 05:30:00,,,mobile-38,,0,,
2020-04-07 06:00:00,,,mobile-38,,0,,
2020-04-07 06:30:00,,,mobile-38,,0,,
2020-04-07 07:00:00,,,mobile-38,,0,,
2020-04-07 07:30:00,0.16480532312925125,-119.96116818027153,mobile-38,50.0,294,41.58843537414966,32.0
2020-04-07 08:00:00,0.16846499999999914,-119.966564,mobile-38,53.0,360,41.19166666666667,34.0
2020-04-07 08:30:00,0.16846499999999914,-119.966564,mobile-38,49.0,360,41.46111111111111,33.0
2020-04-07 09:00:00,0.16846499999999914,-119.966564,mobile-38,49.0,360,41.30555555555556,33.0
2020-04-07 09:30:00,0.16846499999999914,-119.966564,mobile-38,48.0,360,41.022222222222226,34.0
2020-04-07 10:00:00,0.16846499999999914,-119.966564,mobile-38,50.0,360,41.077777777777776,33.0
2020-04-07 10:30:00,0.16846499999999914,-119.966564,mobile-38,51.0,360,41.05277777777778,33.0
2020-04-07 11:00:00,0.16846499999999914,-119.966564,mobile-38,49.0,360,41.15555555555556,33.0
2020-04-07 11:30:00,0.16846499999999914,-119.966564,mobile-38,50.0,360,41.958333333333336,34.0
2020-04-07 12:00:00,0.16846499999999914,-119.966564,mobile-38,53.0,360,41.42777777777778,35.0
2020-04-07 12:30:00,0.16846499999999914,-119.966564,mobile-38,53.0,360,41.42777777777778,33.0
2020-04-07 13:00:00,0.16846499999999914,-119.966564,mobile-38,51.0,360,41.361111111111114,34.0
2020-04-07 13:30:00,0.16846499999999914,-119.966564,mobile-38,48.0,360,40.94166666666667,34.0
2020-04-07 14:00:00,0.16846499999999914,-119.966564,mobile-38,48.0,360,41.075,34.0
2020-04-07 14:30:00,0.16846499999999914,-119.966564,mobile-38,51.0,360,41.419444444444444,33.0
2020-04-07 15:00:00,0.16846499999999914,-119.966564,mobile-38,50.0,360,40.977777777777774,33.0
2020-04-07 15:30:00,0.16846499999999914,-119.966564,mobile-38,52.0,360,41.422222222222224,34.0
2020-04-07 16:00:00,0.1629152795031058,-119.95376764596269,mobile-38,49.0,161,41.20496894409938,36.0
2020-04-07 16:30:00,,,mobile-38,,0,,
2020-04-07 17:00:00,,,mobile-38,,0,,
2020-04-07 17:30:00,,,mobile-38,,0,,
2020-04-07 18:00:00,,,mobile-38,,0,,
2020-04-07 18:30:00,,,mobile-38,,0,,
2020-04-07 19:00:00,,,mobile-38,,0,,
2020-04-07 19:30:00,,,mobile-38,,0,,
2020-04-07 20:00:00,,,mobile-38,,0,,
2020-04-07 20:30:00,,,mobile-38,,0,,
2020-04-07 21:00:00,,,mobile-38,,0,,
2020-04-07 21:30:00,,,mobile-38,,0,,
2020-04-07 22:00:00,,,mobile-38,,0,,
2020-04-07 22:30:00,,,mobile-38,,0,,
2020-04-07 23:00:00,,,mobile-38,,0,,
2020-04-07 23:30:00,,,mobile-38,,0,,
2020-04-08 00:00:00,,,mobile-38,,0,,
2020-04-08 00:30:00,,,mobile-38,,0,,
2020-04-08 01:00:00,,,mobile-38,,0,,
2020-04-08 01:30:00,,,mobile-38,,0,,
2020-04-08 02:00:00,,,mobile-38,,0,,
2020-04-08 02:30:00,,,mobile-38,,0,,
2020-04-08 03:00:00,,,mobile-38,,0,,
2020-04-08 03:30:00,,,mobile-38,,0,,
2020-04-08 04:00:00,,,mobile-38,,0,,
2020-04-08 04:30:00,,,mobile-38,,0,,
2020-04-08 05:00:00,,,mobile-38,,0,,
2020-04-08 05:30:00,,,mobile-38,,0,,
2020-04-08 06:00:00,,,mobile-38,,0,,
2020-04-08 06:30:00,0.15727588461538478,-119.94977324358973,mobile-38,49.0,78,41.56410256410256,34.0
2020-04-08 07:00:00,0.16781979166666558,-119.96583827777758,mobile-38,51.0,360,41.272222222222226,33.0
2020-04-08 07:30:00,0.1683689999999989,-119.9666139999998,mobile-38,52.0,360,41.15833333333333,33.0
2020-04-08 08:00:00,0.1683689999999989,-119.9666139999998,mobile-38,49.0,360,41.15277777777778,34.0
2020-04-08 08:30:00,0.16836899999999894,-119.96661399999992,mobile-38,48.132298789196746,344,41.01303517571414,30.927000306392568
2020-04-08 09:00:00,0.16836899999999894,-119.96661399999999,mobile-38,1166.3356699989556,334,44.199212743034224,32.96503592155773
2020-04-08 09:30:00,0.16836899999999894,-119.966614,mobile-38,50.51770714281145,333,41.083236980763374,34.166994702292925
2020-04-08 10:00:00,0.16836899999999894,-119.96661399999995,mobile-38,50.27431594084855,339,41.390949718427976,33.962741828323495
2020-04-08 10:30:00,0.1683689999999989,-119.96661399999984,mobile-38,49.08404243263628,354,41.05476343483555,32.48020900449877
2020-04-08 11:00:00,0.1683689999999989,-119.9666139999998,mobile-38,50.728030248012345,360,40.948048896615575,33.67020066800907
2020-04-08 11:30:00,0.1683689999999989,-119.9666139999998,mobile-38,50.822640836021826,360,41.20225377058556,31.59144454728009
2020-04-08 12:00:00,0.1683689999999989,-119.9666139999998,mobile-38,49.0053854063268,360,40.87100840116346,31.712297256977486
2020-04-08 12:30:00,0.1683689999999989,-119.9666139999998,mobile-38,50.62825086243763,360,41.26311700744797,30.940697967179297
2020-04-08 13:00:00,0.1683689999999989,-119.9666139999998,mobile-38,50.57104178507957,360,41.35275603528134,32.393543661606216
2020-04-08 13:30:00,0.1683689999999989,-119.9666139999998,mobile-38,1268.4356863568528,360,44.200909887529214,31.801821785022803
2020-04-08 14:00:00,0.1683689999999989,-119.9666139999998,mobile-38,50.65190847777441,360,41.175908657740884,33.705406902575845
2020-04-08 14:30:00,0.1683689999999989,-119.9666139999998,mobile-38,48.81238642772618,360,41.236056867744544,32.303282495685956
2020-04-08 15:00:00,0.1683689999999989,-119.9666139999998,mobile-38,749.7242218255719,360,43.11118073416525,33.227874131274255
2020-04-08 15:30:00,0.1683689999999989,-119.9666139999998,mobile-38,50.151107617164456,360,40.85270885481659,30.905626675743537
2020-04-08 16:00:00,0.16825913888888797,-119.96602953055572,mobile-38,50.05928151476537,360,41.09719027924663,32.07086121364376
2020-04-08 16:30:00,0.16044827358490574,-119.9490993018868,mobile-38,47.548742835570955,106,40.899104502592756,33.66157175257015
2020-04-08 17:00:00,,,mobile-38,,0,,
2020-04-08 17:30:00,,,mobile-38,,0,,
2020-04-08 18:00:00,,,mobile-38,,0,,
2020-04-08 18:30:00,,,mobile-38,,0,,
2020-04-08 19:00:00,,,mobile-38,,0,,
2020-04-08 19:30:00,,,mobile-38,,0,,
2020-04-08 20:00:00,,,mobile-38,,0,,
2020-04-08 20:30:00,,,mobile-38,,0,,
2020-04-08 21:00:00,,,mobile-38,,0,,
2020-04-08 21:30:00,,,mobile-38,,0,,
2020-04-08 22:00:00,,,mobile-38,,0,,
2020-04-08 22:30:00,,,mobile-38,,0,,
2020-04-08 23:00:00,,,mobile-38,,0,,
2020-04-08 23:30:00,,,mobile-38,,0,,
2020-04-09 00:00:00,,,mobile-38,,0,,
2020-04-09 00:30:00,,,mobile-38,,0,,
2020-04-09 01:00:00,,,mobile-38,,0,,
2020-04-09 01:30:00,,,mobile-38,,0,,
2020-04-09 02:00:00,,,mobile-38,,0,,
2020-04-09 02:30:00,,,mobile-38,,0,,
2020-04-09 03:00:00,,,mobile-38,,0,,
2020-04-09 03:30:00,,,mobile-38,,0,,
2020-04-09 04:00:00,,,mobile-38,,0,,
2020-04-09 04:30:00,,,mobile-38,,0,,
2020-04-09 05:00:00,,,mobile-38,,0,,
2020-04-09 05:30:00,,,mobile-38,,0,,
2020-04-09 06:00:00,,,mobile-38,,0,,
2020-04-09 06:30:00,,,mobile-38,,0,,
2020-04-09 07:00:00,0.16332523222748813,-119.95905413270131,mobile-38,58.25351603594158,211,41.12085697661371,26.496277916011692
2020-04-09 07:30:00,0.1683459999999997,-119.96659999999979,mobile-38,56.621776723830344,360,41.294791637249254,27.74061429133801
2020-04-09 08:00:00,0.1683459999999997,-119.96659999999979,mobile-38,56.907898140254396,360,41.209139040763596,25.66500917253941
2020-04-09 08:30:00,0.1683459999999997,-119.96659999999979,mobile-38,53.409606689224454,360,40.599023355221846,23.21608912574907
2020-04-09 09:00:00,0.1683459999999997,-119.96659999999979,mobile-38,59.15695760242302,360,41.06888988147842,26.51265438077396
2020-04-09 09:30:00,0.1683459999999997,-119.96659999999979,mobile-38,63.08054259108593,360,40.89862261541813,28.602220898301873
2020-04-09 10:00:00,0.1683459999999997,-119.96659999999979,mobile-38,53.763761871874706,360,40.88111733599153,28.11759559732181
2020-04-09 10:30:00,0.1683459999999997,-119.96659999999979,mobile-38,54.05548585983226,360,41.159538939042434,22.442784732433022
2020-04-09 11:00:00,0.1683459999999997,-119.96659999999979,mobile-38,55.25387698839521,360,41.813152441891354,26.41421631399857
2020-04-09 11:30:00,0.1683459999999997,-119.96659999999979,mobile-38,55.51415664150375,360,40.71758109823868,25.40675332893018
2020-04-09 12:00:00,0.1683459999999997,-119.96659999999979,mobile-38,59.37019011356034,360,40.50993446881418,26.744825758828146
2020-04-09 12:30:00,0.1683459999999997,-119.96659999999979,mobile-38,1200.577752235134,360,44.14194770426491,25.59710194980813
2020-04-09 13:00:00,0.1683459999999997,-119.96659999999979,mobile-38,709.530507424095,360,43.324591301942,28.205316890275412
2020-04-09 13:30:00,0.1683459999999997,-119.96659999999979,mobile-38,56.97995509177368,360,41.54802838260672,25.10626613717333
2020-04-09 14:00:00,0.1683459999999997,-119.96659999999979,mobile-38,1247.5807573066854,360,46.535297816299405,25.325302516170396
2020-04-09 14:30:00,0.1683459999999997,-119.96659999999979,mobile-38,60.79327439741946,360,40.938673351793156,27.131729688114252
2020-04-09 15:00:00,0.16834599999999972,-119.96659999999979,mobile-38,61.51903980305874,325,44.4134902378042,28.3881236687322
2020-04-09 15:30:00,0.16834599999999972,-119.96659999999979,mobile-38,60.31048635687831,321,45.192159965769896,29.079862316815873
2020-04-09 16:00:00,0.16834599999999972,-119.96659999999979,mobile-38,66.37309207229403,316,43.3986255425883,28.762946120901304
2020-04-09 16:30:00,0.16567298943661912,-119.96021790845062,mobile-38,60.453471677959364,284,43.99280733569412,22.04696797855269
2020-04-09 17:00:00,,,mobile-38,,0,,
2020-04-09 17:30:00,,,mobile-38,,0,,
2020-04-09 18:00:00,,,mobile-38,,0,,
2020-04-09 18:30:00,,,mobile-38,,0,,
2020-04-09 19:00:00,,,mobile-38,,0,,
2020-04-09 19:30:00,,,mobile-38,,0,,
2020-04-09 20:00:00,,,mobile-38,,0,,
2020-04-09 20:30:00,,,mobile-38,,0,,
2020-04-09 21:00:00,,,mobile-38,,0,,
2020-04-09 21:30:00,,,mobile-38,,0,,
2020-04-09 22:00:00,,,mobile-38,,0,,
2020-04-09 22:30:00,,,mobile-38,,0,,
2020-04-09 23:00:00,,,mobile-38,,0,,
2020-04-09 23:30:00,,,mobile-38,,0,,
2020-04-10 00:00:00,,,mobile-38,,0,,
2020-04-10 00:30:00,,,mobile-38,,0,,
2020-04-10 01:00:00,,,mobile-38,,0,,
2020-04-10 01:30:00,,,mobile-38,,0,,
2020-04-10 02:00:00,,,mobile-38,,0,,
2020-04-10 02:30:00,,,mobile-38,,0,,
2020-04-10 03:00:00,,,mobile-38,,0,,
2020-04-10 03:30:00,,,mobile-38,,0,,
2020-04-10 04:00:00,,,mobile-38,,0,,
2020-04-10 04:30:00,,,mobile-38,,0,,
2020-04-10 05:00:00,,,mobile-38,,0,,
2020-04-10 05:30:00,,,mobile-38,,0,,
2020-04-10 06:00:00,,,mobile-38,,0,,
2020-04-10 06:30:00,,,mobile-38,,0,,
2020-04-10 07:00:00,,,mobile-38,,0,,
2020-04-10 07:30:00,0.16074225362318853,-119.95525957246373,mobile-38,60.96837134641552,138,44.29013557763123,29.926080121313266
2020-04-10 08:00:00,0.1683670000000016,-119.96660500000078,mobile-38,473.69831500464585,360,44.60573728891895,26.859184790719237
2020-04-10 08:30:00,0.1683670000000016,-119.96660500000078,mobile-38,61.99159473409372,360,43.355233718982745,28.20284563571451
2020-04-10 09:00:00,0.1683670000000016,-119.96660500000078,mobile-38,59.75529020582696,360,43.08200891217887,21.597122286951016
2020-04-10 09:30:00,0.1683670000000016,-119.96660500000078,mobile-38,60.22967125777869,360,43.596984318008566,17.055002856738643
2020-04-10 10:00:00,0.1683670000000016,-119.96660500000078,mobile-38,656.5370424568819,360,46.639839164803874,25.365950214525814
2020-04-10 10:30:00,0.1683670000000016,-119.96660500000078,mobile-38,62.034027312804795,360,43.862247480014844,16.89884317885876
2020-04-10 11:00:00,0.1683670000000016,-119.96660500000078,mobile-38,61.58071151786051,360,44.09669259662476,17.88941275373264
2020-04-10 11:30:00,0.1683670000000016,-119.96660500000078,mobile-38,63.92488201362363,360,43.59323350357677,25.687947004327842
2020-04-10 12:00:00,0.1683670000000016,-119.96660500000078,mobile-38,534.1661507943121,360,44.92095710588946,26.77239557315711
2020-04-10 12:30:00,0.1683670000000016,-119.96660500000078,mobile-38,634.4471695901582,360,45.77894047667496,19.149416948944165
2020-04-10 13:00:00,0.1683670000000016,-119.96660500000078,mobile-38,63.1040740869084,360,43.13090866521833,16.480013468876734
2020-04-10 13:30:00,0.1683670000000016,-119.96660500000078,mobile-38,367.17653930583987,360,44.57204490986093,15.823402609685312
2020-04-10 14:00:00,0.1683670000000016,-119.96660500000078,mobile-38,62.65037114480429,360,44.340165589108516,23.64032057570313
2020-04-10 14:30:00,0.1683670000000016,-119.96660500000078,mobile-38,553.2621561947847,360,46.02466515405055,26.866167656779226
2020-04-10 15:00:00,0.1683670000000016,-119.96660500000078,mobile-38,598.1836937385615,360,45.32058873397254,26.653027409570537
2020-04-10 15:30:00,0.1683670000000016,-119.96660500000078,mobile-38,859.9260293363341,360,45.8194837566046,17.99615718861108
2020-04-10 16:00:00,0.16805236666666754,-119.96519545277826,mobile-38,65.34748464279274,360,44.03584197920475,21.92084590408637
2020-04-10 16:30:00,0.15903797560975624,-119.9476138658537,mobile-38,61.195369245176316,82,43.09750813648647,26.31445471900485
2020-04-07 07:00:00,0.16133854107648665,-119.95704548441991,mobile-44,48.0,353,40.26912181303116,32.0
2020-04-07 07:30:00,0.16255999999999926,-119.95911000000068,mobile-44,47.0,360,39.825,28.0
2020-04-07 08:00:00,0.16255999999999926,-119.95911000000068,mobile-44,51.0,360,40.24722222222222,32.0
2020-04-07 08:30:00,0.16255999999999926,-119.95911000000068,mobile-44,50.0,360,39.43333333333333,31.0
2020-04-07 09:00:00,0.16255999999999926,-119.95911000000068,mobile-44,50.0,360,39.669444444444444,33.0
2020-04-07 09:30:00,0.16255999999999926,-119.95911000000068,mobile-44,49.0,360,39.65,32.0
2020-04-07 10:00:00,0.16255999999999926,-119.95911000000068,mobile-44,47.0,360,39.78333333333333,33.0
2020-04-07 10:30:00,0.16255999999999926,-119.95911000000068,mobile-44,49.0,360,40.56666666666667,32.0
2020-04-07 11:00:00,0.16255999999999926,-119.95911000000068,mobile-44,49.0,360,40.227777777777774,32.0
2020-04-07 11:30:00,0.16079518367346846,-119.95611823673457,mobile-44,47.0,245,40.077551020408166,31.0
2020-04-07 12:00:00,,,mobile-44,,0,,
2020-04-07 12:30:00,,,mobile-44,,0,,
2020-04-07 13:00:00,,,mobile-44,,0,,
2020-04-07 13:30:00,,,mobile-44,,0,,
2020-04-07 14:00:00,,,mobile-44,,0,,
2020-04-07 14:30:00,,,mobile-44,,0,,
2020-04-07 15:00:00,0.17864166666666573,-119.96495797491087,mobile-44,51.0,279,40.806451612903224,33.0
2020-04-07 15:30:00,0.17611999999999886,-119.97303000000049,mobile-44,50.0,360,39.71666666666667,33.0
2020-04-07 16:00:00,0.1782277457627116,-119.9583504519774,mobile-44,47.0,177,38.909604519774014,30.0
2020-04-06 12:00:00,0.14666288793103452,-119.95611831034476,mobile-47,48.0,116,40.672413793103445,34.0
2020-04-06 12:30:00,0.12455449166666567,-119.9686595666675,mobile-47,48.0,360,39.727777777777774,32.0
2020-04-06 13:00:00,0.12353999999999907,-119.96970000000081,mobile-47,49.0,360,40.45,32.0
2020-04-06 13:30:00,0.12353999999999907,-119.96970000000081,mobile-47,50.0,360,40.925,33.0
2020-04-06 14:00:00,0.12353999999999907,-119.96970000000081,mobile-47,48.0,360,39.93055555555556,31.0
2020-04-06 14:30:00,0.12353999999999907,-119.96970000000081,mobile-47,702.3825343083695,360,41.831618150856585,33.0
2020-04-06 15:00:00,0.12353999999999907,-119.96970000000081,mobile-47,574.6900729439623,360,41.84358353595545,31.0
2020-04-06 15:30:00,0.12353999999999907,-119.96970000000081,mobile-47,49.0,360,39.53611111111111,32.0
2020-04-06 16:00:00,0.13306995424836637,-119.96349010457499,mobile-47,47.0,306,38.98039215686274,31.0
2020-04-06 16:30:00,,,mobile-47,,0,,
2020-04-06 17:00:00,,,mobile-47,,0,,
2020-04-06 17:30:00,,,mobile-47,,0,,
2020-04-06 18:00:00,,,mobile-47,,0,,
2020-04-06 18:30:00,,,mobile-47,,0,,
2020-04-06 19:00:00,,,mobile-47,,0,,
2020-04-06 19:30:00,,,mobile-47,,0,,
2020-04-06 20:00:00,,,mobile-47,,0,,
2020-04-06 20:30:00,,,mobile-47,,0,,
2020-04-06 21:00:00,,,mobile-47,,0,,
2020-04-06 21:30:00,,,mobile-47,,0,,
2020-04-06 22:00:00,,,mobile-47,,0,,
2020-04-06 22:30:00,,,mobile-47,,0,,
2020-04-06 23:00:00,,,mobile-47,,0,,
2020-04-06 23:30:00,,,mobile-47,,0,,
2020-04-07 00:00:00,,,mobile-47,,0,,
2020-04-07 00:30:00,,,mobile-47,,0,,
2020-04-07 01:00:00,,,mobile-47,,0,,
2020-04-07 01:30:00,,,mobile-47,,0,,
2020-04-07 02:00:00,,,mobile-47,,0,,
2020-04-07 02:30:00,,,mobile-47,,0,,
2020-04-07 03:00:00,,,mobile-47,,0,,
2020-04-07 03:30:00,,,mobile-47,,0,,
2020-04-07 04:00:00,,,mobile-47,,0,,
2020-04-07 04:30:00,,,mobile-47,,0,,
2020-04-07 05:00:00,,,mobile-47,,0,,
2020-04-07 05:30:00,,,mobile-47,,0,,
2020-04-07 06:00:00,,,mobile-47,,0,,
2020-04-07 06:30:00,,,mobile-47,,0,,
2020-04-07 07:00:00,,,mobile-47,,0,,
2020-04-07 07:30:00,,,mobile-47,,0,,
2020-04-07 08:00:00,,,mobile-47,,0,,
2020-04-07 08:30:00,,,mobile-47,,0,,
2020-04-07 09:00:00,,,mobile-47,,0,,
2020-04-07 09:30:00,,,mobile-47,,0,,
2020-04-07 10:00:00,0.15105077737226255,-119.95858788321142,mobile-47,47.0,274,39.13868613138686,32.0
2020-04-07 10:30:00,0.15111499999999917,-119.96016100000045,mobile-47,48.0,360,39.62777777777778,29.0
2020-04-07 11:00:00,0.15111499999999917,-119.96016100000045,mobile-47,48.0,360,38.9,7.0
2020-04-07 11:30:00,0.15111499999999917,-119.96016100000045,mobile-47,50.0,360,39.419444444444444,31.0
2020-04-07 12:00:00,0.13378853055555487,-119.96505870833379,mobile-47,48.0,360,40.06111111111111,32.0
2020-04-07 12:30:00,0.12353999999999907,-119.96970400000023,mobile-47,49.0,360,39.272222222222226,30.0
2020-04-07 13:00:00,0.12353999999999907,-119.96970400000023,mobile-47,48.0,360,39.733333333333334,31.0
2020-04-07 13:30:00,0.12353999999999907,-119.96970400000023,mobile-47,47.0,360,39.452777777777776,33.0
2020-04-07 14:00:00,0.12353999999999907,-119.96970400000023,mobile-47,48.0,360,39.830555555555556,30.0
2020-04-07 14:30:00,0.12353999999999907,-119.96970400000023,mobile-47,49.0,360,39.77777777777778,32.0
2020-04-07 15:00:00,0.12353999999999907,-119.96970400000023,mobile-47,48.0,360,38.83888888888889,32.0
2020-04-07 15:30:00,0.12353999999999907,-119.96970400000023,mobile-47,51.0,360,39.24166666666667,33.0
2020-04-07 16:00:00,0.12353999999999907,-119.96970400000023,mobile-47,49.0,360,39.166666666666664,32.0
2020-04-07 16:30:00,0.13811956999999994,-119.96020133999993,mobile-47,47.0,200,38.69,31.0
2020-04-07 17:00:00,,,mobile-47,,0,,
2020-04-07 17:30:00,,,mobile-47,,0,,
2020-04-07 18:00:00,,,mobile-47,,0,,
2020-04-07 18:30:00,,,mobile-47,,0,,
2020-04-07 19:00:00,,,mobile-47,,0,,
2020-04-07 19:30:00,,,mobile-47,,0,,
2020-04-07 20:00:00,,,mobile-47,,0,,
2020-04-07 20:30:00,,,mobile-47,,0,,
2020-04-07 21:00:00,,,mobile-47,,0,,
2020-04-07 21:30:00,,,mobile-47,,0,,
2020-04-07 22:00:00,,,mobile-47,,0,,
2020-04-07 22:30:00,,,mobile-47,,0,,
2020-04-07 23:00:00,,,mobile-47,,0,,
2020-04-07 23:30:00,,,mobile-47,,0,,
2020-04-08 00:00:00,,,mobile-47,,0,,
2020-04-08 00:30:00,,,mobile-47,,0,,
2020-04-08 01:00:00,,,mobile-47,,0,,
2020-04-08 01:30:00,,,mobile-47,,0,,
2020-04-08 02:00:00,,,mobile-47,,0,,
2020-04-08 02:30:00,,,mobile-47,,0,,
2020-04-08 03:00:00,,,mobile-47,,0,,
2020-04-08 03:30:00,,,mobile-47,,0,,
2020-04-08 04:00:00,,,mobile-47,,0,,
2020-04-08 04:30:00,,,mobile-47,,0,,
2020-04-08 05:00:00,,,mobile-47,,0,,
2020-04-08 05:30:00,,,mobile-47,,0,,
2020-04-08 06:00:00,,,mobile-47,,0,,
2020-04-08 06:30:00,,,mobile-47,,0,,
2020-04-08 07:00:00,,,mobile-47,,0,,
2020-04-08 07:30:00,,,mobile-47,,0,,
2020-04-08 08:00:00,,,mobile-47,,0,,
2020-04-08 08:30:00,,,mobile-47,,0,,
2020-04-08 09:00:00,,,mobile-47,,0,,
2020-04-08 09:30:00,,,mobile-47,,0,,
2020-04-08 10:00:00,,,mobile-47,,0,,
2020-04-08 10:30:00,,,mobile-47,,0,,
2020-04-08 11:00:00,,,mobile-47,,0,,
2020-04-08 11:30:00,,,mobile-47,,0,,
2020-04-08 12:00:00,,,mobile-47,,0,,
2020-04-08 12:30:00,0.13570629090909042,-119.96230404000052,mobile-47,37.0,275,37.0,37.0
2020-04-08 13:00:00,0.12353999999999907,-119.96897000000104,mobile-47,37.0,360,37.0,37.0
2020-04-08 13:30:00,0.12353999999999907,-119.96897000000104,mobile-47,37.0,360,37.0,37.0
2020-04-08 14:00:00,0.12353999999999907,-119.96897000000104,mobile-47,37.0,360,37.0,37.0
2020-04-08 14:30:00,0.12353999999999907,-119.96897000000104,mobile-47,37.0,360,37.0,37.0
2020-04-08 15:00:00,0.12353999999999907,-119.96897000000104,mobile-47,37.0,360,37.0,37.0
2020-04-08 15:30:00,0.12353999999999907,-119.96897000000104,mobile-47,37.0,360,37.0,37.0
2020-04-08 16:00:00,0.12482003333333262,-119.96779672222286,mobile-47,37.0,360,37.0,37.0
2020-04-08 16:30:00,0.14760870588235284,-119.9557844215686,mobile-47,37.0,102,37.0,37.0
2020-04-06 07:00:00,0.17071932558139544,-119.96319311240316,mobile-50,44.0,258,35.85271317829457,28.0
2020-04-06 07:30:00,,,mobile-50,,0,,
2020-04-06 08:00:00,,,mobile-50,,0,,
2020-04-06 08:30:00,,,mobile-50,,0,,
2020-04-06 09:00:00,,,mobile-50,,0,,
2020-04-06 09:30:00,,,mobile-50,,0,,
2020-04-06 10:00:00,,,mobile-50,,0,,
2020-04-06 10:30:00,,,mobile-50,,0,,
2020-04-06 11:00:00,,,mobile-50,,0,,
2020-04-06 11:30:00,,,mobile-50,,0,,
2020-04-06 12:00:00,,,mobile-50,,0,,
2020-04-06 12:30:00,,,mobile-50,,0,,
2020-04-06 13:00:00,,,mobile-50,,0,,
2020-04-06 13:30:00,,,mobile-50,,0,,
2020-04-06 14:00:00,,,mobile-50,,0,,
2020-04-06 14:30:00,,,mobile-50,,0,,
2020-04-06 15:00:00,,,mobile-50,,0,,
2020-04-06 15:30:00,,,mobile-50,,0,,
2020-04-06 16:00:00,,,mobile-50,,0,,
2020-04-06 16:30:00,0.15358188181818155,-119.96731867272732,mobile-50,43.0,110,36.154545454545456,30.0
2020-04-06 17:00:00,0.15341000000000002,-119.948634,mobile-50,41.0,20,36.0,32.0
2020-04-06 17:30:00,,,mobile-50,,0,,
2020-04-06 18:00:00,,,mobile-50,,0,,
2020-04-06 18:30:00,,,mobile-50,,0,,
2020-04-06 19:00:00,,,mobile-50,,0,,
2020-04-06 19:30:00,,,mobile-50,,0,,
2020-04-06 20:00:00,,,mobile-50,,0,,
2020-04-06 20:30:00,,,mobile-50,,0,,
2020-04-06 21:00:00,,,mobile-50,,0,,
2020-04-06 21:30:00,,,mobile-50,,0,,
2020-04-06 22:00:00,,,mobile-50,,0,,
2020-04-06 22:30:00,,,mobile-50,,0,,
2020-04-06 23:00:00,,,mobile-50,,0,,
2020-04-06 23:30:00,,,mobile-50,,0,,
2020-04-07 00:00:00,,,mobile-50,,0,,
2020-04-07 00:30:00,,,mobile-50,,0,,
2020-04-07 01:00:00,,,mobile-50,,0,,
2020-04-07 01:30:00,,,mobile-50,,0,,
2020-04-07 02:00:00,,,mobile-50,,0,,
2020-04-07 02:30:00,,,mobile-50,,0,,
2020-04-07 03:00:00,,,mobile-50,,0,,
2020-04-07 03:30:00,,,mobile-50,,0,,
2020-04-07 04:00:00,,,mobile-50,,0,,
2020-04-07 04:30:00,,,mobile-50,,0,,
2020-04-07 05:00:00,,,mobile-50,,0,,
2020-04-07 05:30:00,,,mobile-50,,0,,
2020-04-07 06:00:00,,,mobile-50,,0,,
2020-04-07 06:30:00,,,mobile-50,,0,,
2020-04-07 07:00:00,,,mobile-50,,0,,
2020-04-07 07:30:00,,,mobile-50,,0,,
2020-04-07 08:00:00,,,mobile-50,,0,,
2020-04-07 08:30:00,,,mobile-50,,0,,
2020-04-07 09:00:00,,,mobile-50,,0,,
2020-04-07 09:30:00,,,mobile-50,,0,,
2020-04-07 10:00:00,,,mobile-50,,0,,
2020-04-07 10:30:00,,,mobile-50,,0,,
2020-04-07 11:00:00,,,mobile-50,,0,,
2020-04-07 11:30:00,,,mobile-50,,0,,
2020-04-07 12:00:00,,,mobile-50,,0,,
2020-04-07 12:30:00,0.17188233333333328,-119.96033250000006,mobile-50,42.0,228,35.64473684210526,30.0
2020-04-07 13:00:00,0.1538400361111101,-119.98144218888919,mobile-50,44.0,360,35.486111111111114,29.0
2020-04-07 13:30:00,0.1538522139917688,-119.98167912757229,mobile-50,44.0,243,35.181069958847736,28.0
2020-04-07 14:00:00,,,mobile-50,,0,,
2020-04-07 14:30:00,,,mobile-50,,0,,
2020-04-07 15:00:00,,,mobile-50,,0,,
2020-04-07 15:30:00,,,mobile-50,,0,,
2020-04-07 16:00:00,0.15355588461538455,-119.96444240000001,mobile-50,41.0,130,35.42307692307692,27.0
2020-04-07 16:30:00,,,mobile-50,,0,,
2020-04-07 17:00:00,,,mobile-50,,0,,
2020-04-07 17:30:00,,,mobile-50,,0,,
2020-04-07 18:00:00,,,mobile-50,,0,,
2020-04-07 18:30:00,,,mobile-50,,0,,
2020-04-07 19:00:00,,,mobile-50,,0,,
2020-04-07 19:30:00,,,mobile-50,,0,,
2020-04-07 20:00:00,,,mobile-50,,0,,
2020-04-07 20:30:00,,,mobile-50,,0,,
2020-04-07 21:00:00,,,mobile-50,,0,,
2020-04-07 21:30:00,,,mobile-50,,0,,
2020-04-07 22:00:00,,,mobile-50,,0,,
2020-04-07 22:30:00,,,mobile-50,,0,,
2020-04-07 23:00:00,,,mobile-50,,0,,
2020-04-07 23:30:00,,,mobile-50,,0,,
2020-04-08 00:00:00,,,mobile-50,,0,,
2020-04-08 00:30:00,,,mobile-50,,0,,
2020-04-08 01:00:00,,,mobile-50,,0,,
2020-04-08 01:30:00,,,mobile-50,,0,,
2020-04-08 02:00:00,,,mobile-50,,0,,
2020-04-08 02:30:00,,,mobile-50,,0,,
2020-04-08 03:00:00,,,mobile-50,,0,,
2020-04-08 03:30:00,,,mobile-50,,0,,
2020-04-08 04:00:00,,,mobile-50,,0,,
2020-04-08 04:30:00,,,mobile-50,,0,,
2020-04-08 05:00:00,,,mobile-50,,0,,
2020-04-08 05:30:00,,,mobile-50,,0,,
2020-04-08 06:00:00,,,mobile-50,,0,,
2020-04-08 06:30:00,,,mobile-50,,0,,
2020-04-08 07:00:00,,,mobile-50,,0,,
2020-04-08 07:30:00,,,mobile-50,,0,,
2020-04-08 08:00:00,,,mobile-50,,0,,
2020-04-08 08:30:00,,,mobile-50,,0,,
2020-04-08 09:00:00,,,mobile-50,,0,,
2020-04-08 09:30:00,,,mobile-50,,0,,
2020-04-08 10:00:00,,,mobile-50,,0,,
2020-04-08 10:30:00,,,mobile-50,,0,,
2020-04-08 11:00:00,,,mobile-50,,0,,
2020-04-08 11:30:00,,,mobile-50,,0,,
2020-04-08 12:00:00,0.16675608385093174,-119.96334895652218,mobile-50,43.55624646479042,322,36.48601274623114,26.496292199929513
2020-04-08 12:30:00,0.15399000000000027,-119.97071000000076,mobile-50,43.803051125816644,360,36.022496775805735,28.83811862407249
2020-04-08 13:00:00,0.15398970277777796,-119.9707247805564,mobile-50,44.579351467198954,360,36.2320191836196,27.49564633749541
2020-04-08 13:30:00,0.15399000000000027,-119.97071000000076,mobile-50,1038.0956243720836,360,38.04980780697125,26.191882942595306
2020-04-08 14:00:00,0.15399000000000027,-119.97071000000076,mobile-50,44.0805291470789,360,35.37226471381771,26.88649342739316
2020-04-08 14:30:00,0.15399000000000027,-119.97071000000076,mobile-50,43.18668465931723,360,35.613574994609564,27.687253880665782
2020-04-08 15:00:00,0.15399000000000027,-119.97071000000076,mobile-50,43.353829934925855,360,35.731778659256356,28.005179509031482
2020-04-08 15:30:00,0.15399000000000027,-119.97071000000076,mobile-50,43.979224162899065,360,35.8251427901231,28.81856319141552
2020-04-08 16:00:00,0.15399000000000027,-119.97071000000076,mobile-50,44.819112356702426,360,35.87669818569405,27.59271743544744
2020-04-08 16:30:00,0.15384354671280318,-119.96696151557106,mobile-50,43.803733526168706,289,35.82988077138033,26.069151917837143
2020-04-06 00:00:00,,,static-1,19.85,360,14.633336111111118,10.013
2020-04-06 00:30:00,,,static-1,19.941,360,14.710405555555555,10.056000000000001
2020-04-06 01:00:00,,,static-1,19.936,360,14.771902777777774,10.016
2020-04-06 01:30:00,,,static-1,19.840999999999998,360,14.63043611111111,10.042
2020-04-06 02:00:00,,,static-1,19.892,360,14.563313888888883,10.186
2020-04-06 02:30:00,,,static-1,19.955,360,14.416491666666662,10.265
2020-04-06 03:00:00,,,static-1,19.901,360,14.460869444444443,10.055
2020-04-06 03:30:00,,,static-1,19.924,360,14.524269444444444,10.048
2020-04-06 04:00:00,,,static-1,19.762,360,14.448536111111116,10.118
2020-04-06 04:30:00,,,static-1,19.295,360,14.56060833333334,10.412
2020-04-06 05:00:00,,,static-1,19.923,360,14.605069444444426,10.162
2020-04-06 05:30:00,,,static-1,19.893,360,14.453802777777781,10.001
2020-04-06 06:00:00,,,static-1,19.633,360,14.528494444444446,10.025
2020-04-06 06:30:00,,,static-1,19.999000000000002,360,14.567513888888884,10.113999999999999
2020-04-06 07:00:00,,,static-1,19.852,360,14.57684722222222,10.342
2020-04-06 07:30:00,,,static-1,19.915,360,14.64210277777777,10.058
2020-04-06 08:00:00,,,static-1,19.979,360,14.657688888888874,10.166
2020-04-06 08:30:00,,,static-1,19.838,360,14.602199999999996,10.118
2020-04-06 09:00:00,,,static-1,19.968,360,14.489199999999993,10.013
2020-04-06 09:30:00,,,static-1,19.875,360,14.566091666666674,10.238
2020-04-06 10:00:00,,,static-1,19.998,360,14.57553055555556,10.228
2020-04-06 10:30:00,,,static-1,19.939,360,14.69186666666667,10.149
2020-04-06 11:00:00,,,static-1,19.66,360,14.589200000000005,10.113
2020-04-06 11:30:00,,,static-1,19.902,360,14.834558333333316,10.392000000000001
2020-04-06 12:00:00,,,static-1,19.758,360,14.637611111111113,10.275
2020-04-06 12:30:00,,,static-1,19.989,360,14.776341666666662,10.892000000000001
2020-04-06 13:00:00,,,static-1,19.774,360,14.506430555555546,10.158999999999999
2020-04-06 13:30:00,,,static-1,19.654,360,14.487661111111128,10.091000000000001
2020-04-06 14:00:00,,,static-1,19.832,360,14.645708333333339,10.014
2020-04-06 14:30:00,,,static-1,434.343,360,15.77495277777777,10.61
2020-04-06 15:00:00,,,static-1,19.906,360,14.568513888888884,10.22
2020-04-06 15:30:00,,,static-1,19.989,360,14.542158333333347,10.193
2020-04-06 16:00:00,,,static-1,19.769000000000002,360,14.64698888888889,10.079
2020-04-06 16:30:00,,,static-1,19.852999999999998,360,14.586113888888889,10.117
2020-04-06 17:00:00,,,static-1,19.783,360,14.472277777777775,10.333
2020-04-06 17:30:00,,,static-1,19.766,360,14.767125000000012,10.097000000000001
2020-04-06 18:00:00,,,static-1,19.766,360,14.640058333333334,10.096
2020-04-06 18:30:00,,,static-1,19.749000000000002,360,14.56145555555555,10.272
2020-04-06 19:00:00,,,static-1,19.901,360,14.472088888888894,10.058
2020-04-06 19:30:00,,,static-1,19.785,360,14.466333333333344,10.167
2020-04-06 20:00:00,,,static-1,19.878,360,14.539933333333327,10.237
2020-04-06 20:30:00,,,static-1,19.964000000000002,360,14.549169444444452,10.001
2020-04-06 21:00:00,,,static-1,19.91,360,14.563888888888885,10.118
2020-04-06 21:30:00,,,static-1,19.925,360,14.44705,10.345
2020-04-06 22:00:00,,,static-1,19.844,360,14.626305555555566,10.218
2020-04-06 22:30:00,,,static-1,19.913,360,14.531088888888876,10.192
2020-04-06 23:00:00,,,static-1,19.655,360,14.530394444444436,10.068
2020-04-06 23:30:00,,,static-1,19.956,360,14.628580555555553,10.052999999999999
2020-04-07 00:00:00,,,static-1,19.964000000000002,360,14.63034444444445,10.011000000000001
2020-04-07 00:30:00,,,static-1,19.285,360,14.588799999999985,10.08
2020-04-07 01:00:00,,,static-1,19.897000000000002,360,14.581658333333344,10.052
2020-04-07 01:30:00,,,static-1,826.627,360,16.935772222222212,10.360999999999999
2020-04-07 02:00:00,,,static-1,19.973,360,14.534655555555549,10.216000000000001
2020-04-07 02:30:00,,,static-1,19.758,360,14.372611111111091,10.009
2020-04-07 03:00:00,,,static-1,19.873,360,14.522422222222213,10.073
2020-04-07 03:30:00,,,static-1,19.745,360,14.493013888888905,10.066
2020-04-07 04:00:00,,,static-1,19.680999999999997,360,14.59210555555556,10.209
2020-04-07 04:30:00,,,static-1,19.947,360,14.670455555555565,10.374
2020-04-07 05:00:00,,,static-1,19.832,360,14.496208333333344,10.113
2020-04-07 05:30:00,,,static-1,19.862000000000002,360,14.587319444444445,10.282
2020-04-07 06:00:00,,,static-1,19.793,360,14.517705555555555,10.052
2020-04-07 06:30:00,,,static-1,19.926,360,14.607775000000006,10.081
2020-04-07 07:00:00,,,static-1,19.905,360,14.711361111111094,10.078
2020-04-07 07:30:00,,,static-1,19.971,360,14.757077777777784,10.086
2020-04-07 08:00:00,,,static-1,19.877,360,14.481050000000007,10.1
2020-04-07 08:30:00,,,static-1,19.977999999999998,360,14.603199999999987,10.173
2020-04-07 09:00:00,,,static-1,19.881,360,14.369672222222233,10.049
2020-04-07 09:30:00,,,static-1,19.692999999999998,360,14.529774999999995,10.109
2020-04-07 10:00:00,,,static-1,19.912,360,14.489255555555559,10.277999999999999
2020-04-07 10:30:00,,,static-1,19.98,360,14.598466666666672,10.397
2020-04-07 11:00:00,,,static-1,19.933,360,14.558594444444433,10.152000000000001
2020-04-07 11:30:00,,,static-1,19.999000000000002,360,14.625563888888882,10.290999999999999
2020-04-07 12:00:00,,,static-1,19.927,360,14.593769444444428,10.151
2020-04-07 12:30:00,,,static-1,19.66,360,14.655891666666669,10.014
2020-04-07 13:00:00,,,static-1,19.97,360,14.615691666666683,10.076
2020-04-07 13:30:00,,,static-1,19.762,360,14.691322222222226,10.147
2020-04-07 14:00:00,,,static-1,19.995,360,14.787713888888877,10.181000000000001
2020-04-07 14:30:00,,,static-1,19.977999999999998,360,14.758983333333347,10.099
2020-04-07 15:00:00,,,static-1,19.889,360,14.459524999999992,10.605
2020-04-07 15:30:00,,,static-1,19.91,360,14.696547222222222,10.064
2020-04-07 16:00:00,,,static-1,19.983,360,14.843011111111112,10.027000000000001
2020-04-07 16:30:00,,,static-1,19.982,360,14.640486111111109,10.128
2020-04-07 17:00:00,,,static-1,19.859,360,14.712980555555555,10.126
2020-04-07 17:30:00,,,static-1,19.74,360,14.45655833333334,10.017999999999999
2020-04-07 18:00:00,,,static-1,19.987000000000002,360,14.44598333333333,10.204
2020-04-07 18:30:00,,,static-1,19.96,360,14.65950000000001,10.136000000000001
2020-04-07 19:00:00,,,static-1,19.582,360,14.646530555555561,10.029
2020-04-07 19:30:00,,,static-1,19.952,360,14.739833333333333,10.084
2020-04-07 20:00:00,,,static-1,19.95,360,14.721475000000005,10.253
2020-04-07 20:30:00,,,static-1,19.94,360,14.637138888888881,10.112
2020-04-07 21:00:00,,,static-1,19.939,360,14.706683333333341,10.036
2020-04-07 21:30:00,,,static-1,19.761,360,14.464144444444447,10.11
2020-04-07 22:00:00,,,static-1,221.516,360,15.24483611111111,10.099
2020-04-07 22:30:00,,,static-1,19.625999999999998,360,14.545552777777774,10.065
2020-04-07 23:00:00,,,static-1,19.942,360,14.844152777777774,10.015
2020-04-07 23:30:00,,,static-1,19.548,360,14.47719722222222,10.626
2020-04-08 00:00:00,,,static-1,19.779,360,14.339391666666662,10.132
2020-04-08 00:30:00,,,static-1,19.996,360,14.471408333333324,10.135
2020-04-08 01:00:00,,,static-1,19.91,360,14.656361111111107,10.331
2020-04-08 01:30:00,,,static-1,19.969,360,14.575227777777787,10.103
2020-04-08 02:00:00,,,static-1,19.976,360,14.53619999999999,10.255
2020-04-08 02:30:00,,,static-1,19.917,360,14.649472222222228,10.22
2020-04-08 03:00:00,,,static-1,19.891,360,14.921786111111118,10.134
2020-04-08 03:30:00,,,static-1,19.764,360,14.461102777777777,10.231
2020-04-08 04:00:00,,,static-1,19.902,360,14.524591666666662,10.502
2020-04-08 04:30:00,,,static-1,19.854,360,14.675824999999994,10.21
2020-04-08 05:00:00,,,static-1,19.729,360,14.686852777777775,10.074
2020-04-08 05:30:00,,,static-1,19.788,360,14.542549999999999,10.287
2020-04-08 06:00:00,,,static-1,19.77,360,14.84008611111112,10.073
2020-04-08 06:30:00,,,static-1,19.305,360,14.742550000000001,10.033
2020-04-08 07:00:00,,,static-1,19.91,360,14.615280555555547,10.117
2020-04-08 07:30:00,,,static-1,19.988,360,14.495636111111104,10.08
2020-04-08 08:00:00,,,static-1,19.859,360,14.646502777777773,10.076
2020-04-08 08:30:00,,,static-1,19.844,360,14.661691666666668,10.096
2020-04-08 09:00:00,,,static-1,19.908,360,14.761458333333335,10.071
2020-04-08 09:30:00,,,static-1,20.171,360,14.710713888888893,9.72
2020-04-08 10:00:00,,,static-1,19.665,360,14.528233333333317,9.868
2020-04-08 10:30:00,,,static-1,20.262999999999998,360,14.617155555555552,10.078
2020-04-08 11:00:00,,,static-1,20.29,360,14.630669444444443,10.558
2020-04-08 11:30:00,,,static-1,20.117,360,14.74525277777778,10.048
2020-04-08 12:00:00,,,static-1,20.34,360,14.515291666666666,9.949
2020-04-08 12:30:00,,,static-1,20.581,360,14.669911111111094,9.21
2020-04-08 13:00:00,,,static-1,20.281,360,14.529491666666667,10.285
2020-04-08 13:30:00,,,static-1,20.789,360,14.631486111111114,9.163
2020-04-08 14:00:00,,,static-1,20.627,360,14.65240555555556,8.749
2020-04-08 14:30:00,,,static-1,20.496,360,14.686597222222222,8.747
2020-04-08 15:00:00,,,static-1,19.914,360,14.59568888888889,9.954
2020-04-08 15:30:00,,,static-1,20.675,360,14.627144444444436,9.152999999999999
2020-04-08 16:00:00,,,static-1,20.22,360,14.536508333333334,9.408
2020-04-08 16:30:00,,,static-1,20.454,360,14.599925000000002,8.99
2020-04-08 17:00:00,,,static-1,21.546999999999997,360,14.53509166666668,9.15
2020-04-08 17:30:00,,,static-1,21.334,360,14.573841666666661,8.902000000000001
2020-04-08 18:00:00,,,static-1,22.319000000000003,360,14.72860000000001,8.248
2020-04-08 18:30:00,,,static-1,21.311,360,14.673180555555549,9.007
2020-04-08 19:00:00,,,static-1,21.178,360,14.72156666666665,8.445
2020-04-08 19:30:00,,,static-1,20.611,360,14.622686111111104,8.568
2020-04-08 20:00:00,,,static-1,21.226999999999997,360,14.518588888888884,8.808
2020-04-08 20:30:00,,,static-1,21.174,360,14.474549999999992,6.65
2020-04-08 21:00:00,,,static-1,21.594,360,14.613722222222226,8.365
2020-04-08 21:30:00,,,static-1,21.678,360,14.336194444444443,8.578
2020-04-08 22:00:00,,,static-1,21.576,360,14.369672222222215,6.52
2020-04-08 22:30:00,,,static-1,20.555,360,14.478708333333326,8.687000000000001
2020-04-08 23:00:00,,,static-1,21.956,360,14.648475000000003,8.123
2020-04-08 23:30:00,,,static-1,21.638,360,14.632702777777789,8.252
2020-04-09 00:00:00,,,static-1,21.643,360,14.367797222222226,7.0760000000000005
2020-04-09 00:30:00,,,static-1,20.838,360,14.770763888888885,8.168
2020-04-09 01:00:00,,,static-1,21.680999999999997,360,14.675766666666664,7.801
2020-04-09 01:30:00,,,static-1,21.92,360,14.717661111111097,8.968
2020-04-09 02:00:00,,,static-1,22.515,360,14.643361111111115,6.676
2020-04-09 02:30:00,,,static-1,21.558000000000003,360,14.635691666666682,6.931
2020-04-09 03:00:00,,,static-1,23.316999999999997,360,14.653686111111124,6.625
2020-04-09 03:30:00,,,static-1,23.113000000000003,360,14.750269444444436,5.276
2020-04-09 04:00:00,,,static-1,22.969,360,14.505638888888866,7.376
2020-04-09 04:30:00,,,static-1,22.781999999999996,360,14.558277777777773,7.207000000000001
2020-04-09 05:00:00,,,static-1,22.92,360,14.583336111111121,6.172000000000001
2020-04-09 05:30:00,,,static-1,23.526999999999997,360,14.421541666666657,4.749
2020-04-09 06:00:00,,,static-1,23.503,360,14.458022222222219,5.365
2020-04-09 06:30:00,,,static-1,22.445,360,14.789538888888888,7.435
2020-04-09 07:00:00,,,static-1,23.361,360,14.653175000000005,6.523
2020-04-09 07:30:00,,,static-1,22.694000000000003,360,14.508250000000006,6.61
2020-04-09 08:00:00,,,static-1,25.394000000000002,360,14.66616666666667,7.005
2020-04-09 08:30:00,,,static-1,24.320999999999998,360,14.570200000000007,4.287
2020-04-09 09:00:00,,,static-1,21.897,360,14.363966666666665,4.374
2020-04-09 09:30:00,,,static-1,25.614,360,14.281886111111112,4.742
2020-04-09 10:00:00,,,static-1,23.678,360,14.610594444444441,4.492
2020-04-09 10:30:00,,,static-1,21.558000000000003,360,14.794083333333344,3.767
2020-04-09 11:00:00,,,static-1,23.834,360,14.517511111111109,6.0760000000000005
2020-04-09 11:30:00,,,static-1,26.271,360,14.563902777777773,6.852
2020-04-09 12:00:00,,,static-1,26.27,360,14.41729166666666,4.814
2020-04-09 12:30:00,,,static-1,23.811999999999998,360,14.626108333333347,4.243
2020-04-09 13:00:00,,,static-1,27.180999999999997,360,14.655625000000011,6.978
2020-04-09 13:30:00,,,static-1,23.822,360,14.610119444444432,5.095
2020-04-09 14:00:00,,,static-1,982.982,360,17.24963611111111,5.702000000000001
2020-04-09 14:30:00,,,static-1,26.26,360,14.623644444444441,1.112
2020-04-09 15:00:00,,,static-1,25.84,360,16.129994444444453,5.206
2020-04-09 15:30:00,,,static-1,255.891,360,16.92108055555555,6.506
2020-04-09 16:00:00,,,static-1,26.311999999999998,360,16.425144444444445,4.2989999999999995
2020-04-09 16:30:00,,,static-1,28.226,360,15.495038888888882,3.6210000000000004
2020-04-09 17:00:00,,,static-1,650.775,360,19.386874999999986,7.1979999999999995
2020-04-09 17:30:00,,,static-1,599.32,360,17.627344444444454,6.1
2020-04-09 18:00:00,,,static-1,28.631,360,16.08259444444443,7.2589999999999995
2020-04-09 18:30:00,,,static-1,27.054000000000002,360,15.94814166666667,6.252000000000001
2020-04-09 19:00:00,,,static-1,26.663,360,16.35852777777778,4.665
2020-04-09 19:30:00,,,static-1,542.351,360,17.348300000000002,6.99
2020-04-09 20:00:00,,,static-1,27.375,360,15.689758333333334,7.859
2020-04-09 20:30:00,,,static-1,26.291999999999998,360,16.093469444444434,5.525
2020-04-09 21:00:00,,,static-1,24.846,360,15.967197222222223,5.989
2020-04-09 21:30:00,,,static-1,27.166999999999998,360,16.356691666666663,6.404
2020-04-09 22:00:00,,,static-1,26.849,360,15.960919444444448,5.045
2020-04-09 22:30:00,,,static-1,28.846999999999998,360,16.389852777777776,5.285
2020-04-09 23:00:00,,,static-1,25.916999999999998,360,15.949141666666673,6.601
2020-04-09 23:30:00,,,static-1,304.269,360,16.62300277777779,7.409
2020-04-10 00:00:00,,,static-1,27.239,360,16.15854999999999,2.219
2020-04-10 00:30:00,,,static-1,26.035999999999998,360,16.012633333333348,4.376
2020-04-10 01:00:00,,,static-1,27.256999999999998,360,16.515427777777766,4.494
2020-04-10 01:30:00,,,static-1,27.455,360,16.418111111111116,6.772
2020-04-10 02:00:00,,,static-1,26.246,360,15.90396111111112,4.872
2020-04-10 02:30:00,,,static-1,26.271,360,16.12154166666669,3.52
2020-04-10 03:00:00,,,static-1,24.625,360,15.770230555555559,5.687
2020-04-10 03:30:00,,,static-1,28.156,360,15.7762388888889,5.721
2020-04-10 04:00:00,,,static-1,27.529,360,16.111069444444432,6.897
2020-04-10 04:30:00,,,static-1,28.695,360,16.03422777777778,3.1830000000000003
2020-04-10 05:00:00,,,static-1,26.294,360,16.198722222222223,5.364
2020-04-10 05:30:00,,,static-1,26.451,360,15.725349999999985,4.812
2020-04-10 06:00:00,,,static-1,26.174,360,15.99139722222222,4.2669999999999995
2020-04-10 06:30:00,,,static-1,28.425,360,16.07778888888889,3.865
2020-04-10 07:00:00,,,static-1,28.737,360,16.14111388888889,2.0909999999999997
2020-04-10 07:30:00,,,static-1,28.365,360,15.777422222222215,5.6739999999999995
2020-04-10 08:00:00,,,static-1,27.066999999999997,360,16.209847222222223,4.624
2020-04-10 08:30:00,,,static-1,26.497,360,15.851708333333326,4.063
2020-04-10 09:00:00,,,static-1,27.221,360,16.18376388888888,6.181
2020-04-10 09:30:00,,,static-1,27.717,360,16.192241666666664,1.339
2020-04-10 10:00:00,,,static-1,29.405,360,15.712761111111108,6.235
2020-04-10 10:30:00,,,static-1,521.974,360,17.580247222222233,6.959
2020-04-10 11:00:00,,,static-1,27.96,360,16.15200277777779,5.962000000000001
2020-04-10 11:30:00,,,static-1,29.125999999999998,360,16.39328055555555,6.016
2020-04-10 12:00:00,,,static-1,29.315,360,15.994755555555559,2.29
2020-04-10 12:30:00,,,static-1,698.982,360,19.51364444444446,6.787999999999999
2020-04-10 13:00:00,,,static-1,27.775,360,16.123144444444456,4.163
2020-04-10 13:30:00,,,static-1,534.193,360,18.779463888888888,3.0239999999999996
2020-04-10 14:00:00,,,static-1,28.01,360,15.921569444444446,1.456
2020-04-10 14:30:00,,,static-1,26.802,360,15.727824999999994,2.875
2020-04-10 15:00:00,,,static-1,590.615,360,17.676199999999998,4.413
2020-04-10 15:30:00,,,static-1,524.0369999999999,360,17.271913888888893,0.956
2020-04-10 16:00:00,,,static-1,463.879,360,17.445247222222235,3.41
2020-04-10 16:30:00,,,static-1,27.299,360,16.317316666666684,3.949
2020-04-10 17:00:00,,,static-1,679.7760000000001,360,18.125647222222206,5.1
2020-04-10 17:30:00,,,static-1,28.111,360,15.83779166666666,3.819
2020-04-10 18:00:00,,,static-1,456.105,360,17.32984722222223,6.79
2020-04-10 18:30:00,,,static-1,29.91,360,16.037105555555552,4.388
2020-04-10 19:00:00,,,static-1,30.230999999999998,360,16.21384722222223,3.383
2020-04-10 19:30:00,,,static-1,26.875,360,16.496408333333346,3.965
2020-04-10 20:00:00,,,static-1,28.05,360,15.781238888888891,2.79
2020-04-10 20:30:00,,,static-1,557.558,360,17.291558333333338,3.727
2020-04-10 21:00:00,,,static-1,28.114,360,15.83142500000001,4.676
2020-04-10 21:30:00,,,static-1,27.127,360,16.162897222222227,2.685
2020-04-10 22:00:00,,,static-1,29.793000000000003,360,16.382527777777785,4.736000000000001
2020-04-10 22:30:00,,,static-1,27.095,360,15.932013888888893,2.335
2020-04-10 23:00:00,,,static-1,29.313000000000002,360,15.772361111111111,4.103
2020-04-10 23:30:00,,,static-1,28.028000000000002,358,16.188952513966488,4.373
